Country name,Year,num_events_hist
Afghanistan,1991,1.0
Afghanistan,1992,1.0
Afghanistan,1993,1.0
Afghanistan,1994,1.0
Afghanistan,1995,1.0
Afghanistan,1996,1.0
Afghanistan,1997,1.0
Afghanistan,1998,1.0
Afghanistan,1999,1.0
Afghanistan,2000,1.0
Afghanistan,2001,1.0
Afghanistan,2002,1.0
Afghanistan,2003,1.0
Afghanistan,2004,1.0
Afghanistan,2005,1.0
Afghanistan,2006,1.2
Afghanistan,2007,1.2
Afghanistan,2008,1.2
Afghanistan,2009,1.2
Afghanistan,2010,1.2
Afghanistan,2011,1.0
Afghanistan,2012,1.6
Afghanistan,2013,1.6
Afghanistan,2014,1.6
Afghanistan,2015,2.6
Afghanistan,2016,3.4
Afghanistan,2017,3.4
Albania,1990,4.0
Albania,1991,5.0
Albania,1992,5.5
Albania,1993,5.0
Albania,1994,4.5
Albania,1995,3.8
Albania,1996,3.0
Albania,1997,1.6
Albania,1998,3.2
Albania,1999,3.4
Albania,2000,3.4
Albania,2001,3.4
Albania,2002,3.4
Albania,2003,1.4
Albania,2004,1.0
Albania,2005,1.0
Albania,2006,1.0
Albania,2007,1.0
Albania,2008,1.0
Albania,2009,1.0
Albania,2010,1.0
Albania,2011,2.0
Albania,2012,2.4
Albania,2013,2.4
Albania,2014,2.8
Albania,2015,2.8
Albania,2016,1.8
Albania,2017,1.4
Algeria,1990,1.5
Algeria,1991,1.25
Algeria,1992,1.5
Algeria,1993,2.75
Algeria,1994,2.75
Algeria,1995,2.4
Algeria,1996,2.2
Algeria,1997,2.0
Algeria,1998,1.0
Algeria,1999,1.0
Algeria,2000,1.0
Algeria,2001,1.0
Algeria,2002,2.0
Algeria,2003,2.0
Algeria,2004,2.0
Algeria,2005,2.0
Algeria,2006,2.0
Algeria,2007,1.0
Algeria,2008,1.0
Algeria,2009,1.0
Algeria,2010,1.0
Algeria,2011,1.0
Algeria,2012,1.0
Algeria,2013,1.0
Algeria,2014,1.2
Algeria,2015,3.2
Algeria,2016,3.6
Algeria,2017,3.6
Angola,1990,4.25
Angola,1991,4.0
Angola,1992,1.5
Angola,1993,1.0
Angola,1994,1.0
Angola,1995,1.0
Angola,1996,1.0
Angola,1997,1.0
Angola,1998,1.0
Angola,1999,1.0
Angola,2000,1.0
Angola,2001,1.2
Angola,2002,1.2
Angola,2003,1.2
Angola,2004,1.6
Angola,2005,1.6
Angola,2006,1.6
Angola,2007,1.6
Angola,2008,1.6
Angola,2009,1.2
Angola,2010,1.2
Angola,2011,1.0
Angola,2012,1.0
Angola,2013,1.0
Angola,2014,1.2
Angola,2015,1.2
Angola,2016,1.6
Angola,2017,1.6
Argentina,1990,1.75
Argentina,1991,3.25
Argentina,1992,3.5
Argentina,1993,3.25
Argentina,1994,3.75
Argentina,1995,4.4
Argentina,1996,3.4
Argentina,1997,4.2
Argentina,1998,4.8
Argentina,1999,4.4
Argentina,2000,3.8
Argentina,2001,4.0
Argentina,2002,5.0
Argentina,2003,5.6
Argentina,2004,6.0
Argentina,2005,6.8
Argentina,2006,6.2
Argentina,2007,4.2
Argentina,2008,3.2
Argentina,2009,3.8
Argentina,2010,2.4
Argentina,2011,2.8
Argentina,2012,2.8
Argentina,2013,2.6
Argentina,2014,1.8
Argentina,2015,1.8
Argentina,2016,2.2
Argentina,2017,2.2
Armenia,1990,2.25
Armenia,1991,2.0
Armenia,1992,2.0
Armenia,1993,1.0
Armenia,1994,1.0
Armenia,1995,1.8
Armenia,1996,2.6
Armenia,1997,2.8
Armenia,1998,3.6
Armenia,1999,3.8
Armenia,2000,3.2
Armenia,2001,3.4
Armenia,2002,3.4
Armenia,2003,3.4
Armenia,2004,3.4
Armenia,2005,3.8
Armenia,2006,4.2
Armenia,2007,4.0
Armenia,2008,3.6
Armenia,2009,4.4
Armenia,2010,4.0
Armenia,2011,3.6
Armenia,2012,3.6
Armenia,2013,3.2
Armenia,2014,2.6
Armenia,2015,2.4
Armenia,2016,2.4
Armenia,2017,3.0
Austria,1990,3.5
Austria,1991,3.0
Austria,1992,3.0
Austria,1993,1.75
Austria,1994,1.0
Austria,1995,1.0
Austria,1996,1.0
Austria,1997,1.0
Austria,1998,1.0
Austria,1999,1.0
Austria,2000,1.0
Austria,2001,2.0
Austria,2002,2.0
Austria,2003,2.0
Austria,2004,2.0
Austria,2005,2.0
Austria,2006,1.0
Austria,2007,1.0
Austria,2008,1.0
Austria,2009,1.0
Austria,2010,1.0
Austria,2011,1.0
Austria,2012,1.0
Austria,2013,1.0
Austria,2014,1.0
Austria,2015,1.0
Azerbaijan,1991,1.0
Azerbaijan,1992,1.5
Azerbaijan,1993,2.25
Azerbaijan,1994,3.0
Azerbaijan,1995,4.0
Azerbaijan,1996,3.6
Azerbaijan,1997,3.2
Azerbaijan,1998,2.6
Azerbaijan,1999,3.4
Azerbaijan,2000,4.4
Azerbaijan,2001,6.4
Azerbaijan,2002,6.6
Azerbaijan,2003,10.4
Azerbaijan,2004,10.6
Azerbaijan,2005,8.8
Azerbaijan,2006,8.8
Azerbaijan,2007,9.6
Azerbaijan,2008,6.6
Azerbaijan,2009,5.2
Azerbaijan,2010,5.2
Azerbaijan,2011,4.0
Azerbaijan,2012,3.4
Azerbaijan,2013,2.8
Azerbaijan,2014,3.2
Azerbaijan,2015,3.2
Azerbaijan,2016,2.2
Azerbaijan,2017,2.0
Bahrain,1990,2.0
Bahrain,1991,1.25
Bahrain,1992,1.25
Bahrain,1993,1.25
Bahrain,1994,1.0
Bahrain,1995,1.0
Bahrain,1996,1.0
Bahrain,1997,1.6
Bahrain,1998,1.6
Bahrain,1999,1.6
Bahrain,2000,1.6
Bahrain,2001,1.6
Bahrain,2002,1.0
Bahrain,2003,1.0
Bahrain,2004,1.0
Bahrain,2005,1.0
Bahrain,2006,1.2
Bahrain,2007,1.2
Bahrain,2008,1.6
Bahrain,2009,1.6
Bahrain,2010,1.6
Bahrain,2011,1.4
Bahrain,2012,2.8
Bahrain,2013,4.0
Bahrain,2014,4.6
Bahrain,2015,6.0
Bahrain,2016,6.2
Bahrain,2017,4.8
Bangladesh,1990,3.75
Bangladesh,1991,5.25
Bangladesh,1992,3.5
Bangladesh,1993,4.5
Bangladesh,1994,4.5
Bangladesh,1995,6.2
Bangladesh,1996,6.8
Bangladesh,1997,7.8
Bangladesh,1998,9.2
Bangladesh,1999,11.2
Bangladesh,2000,13.2
Bangladesh,2001,13.0
Bangladesh,2002,12.6
Bangladesh,2003,10.8
Bangladesh,2004,9.6
Bangladesh,2005,6.8
Bangladesh,2006,6.4
Bangladesh,2007,8.4
Bangladesh,2008,8.4
Bangladesh,2009,8.8
Bangladesh,2010,7.4
Bangladesh,2011,6.2
Bangladesh,2012,15.4
Bangladesh,2013,15.4
Bangladesh,2014,16.6
Bangladesh,2015,28.0
Bangladesh,2016,28.8
Bangladesh,2017,17.0
Belarus,1991,20.25
Belarus,1992,17.25
Belarus,1993,2.75
Belarus,1994,1.0
Belarus,1995,1.25
Belarus,1996,1.8
Belarus,1997,3.6
Belarus,1998,4.6
Belarus,1999,4.6
Belarus,2000,5.0
Belarus,2001,5.4
Belarus,2002,3.8
Belarus,2003,3.6
Belarus,2004,3.6
Belarus,2005,3.2
Belarus,2006,2.6
Belarus,2007,2.6
Belarus,2008,1.8
Belarus,2009,2.2
Belarus,2010,2.0
Belarus,2011,1.6
Belarus,2012,2.2
Belarus,2013,2.2
Belarus,2014,1.8
Belarus,2015,1.8
Belarus,2016,1.8
Belarus,2017,1.0
Belgium,1990,1.0
Belgium,1991,1.0
Belgium,1992,1.0
Belgium,1993,1.0
Belgium,1994,1.25
Belgium,1995,1.2
Belgium,1996,1.4
Belgium,1997,3.0
Belgium,1998,3.0
Belgium,1999,2.8
Belgium,2000,2.8
Belgium,2001,2.6
Belgium,2002,1.0
Belgium,2003,1.0
Belgium,2004,1.0
Belgium,2005,1.0
Belgium,2006,1.0
Belgium,2007,1.0
Belgium,2008,1.0
Belgium,2009,1.4
Belgium,2010,1.4
Belgium,2011,1.4
Belgium,2012,1.4
Belgium,2013,1.4
Belgium,2014,1.0
Belgium,2015,1.2
Belgium,2016,1.2
Belgium,2017,2.0
Benin,1990,2.25
Benin,1991,2.25
Benin,1992,2.0
Benin,1993,2.0
Benin,1994,1.0
Benin,1995,1.0
Benin,1996,1.0
Benin,1997,1.0
Benin,1998,1.2
Benin,1999,1.2
Benin,2000,1.2
Benin,2001,1.2
Benin,2002,1.6
Benin,2003,1.6
Benin,2004,1.6
Benin,2005,1.6
Benin,2006,1.6
Benin,2007,1.2
Benin,2008,1.0
Benin,2009,1.0
Benin,2010,1.0
Benin,2011,1.0
Benin,2012,1.8
Benin,2013,1.8
Benin,2014,2.6
Benin,2015,2.8
Benin,2016,2.8
Benin,2017,2.2
Bhutan,1990,2.5
Bhutan,1991,1.5
Bhutan,1992,1.25
Bhutan,1993,1.25
Bhutan,1994,1.0
Bhutan,1995,1.0
Bhutan,1996,1.0
Bhutan,1997,1.0
Bhutan,1998,1.0
Bhutan,1999,1.0
Bhutan,2000,1.0
Bhutan,2001,1.0
Bhutan,2002,1.0
Bhutan,2003,1.0
Bhutan,2004,1.0
Bhutan,2005,1.0
Bhutan,2006,1.0
Bhutan,2007,1.0
Bhutan,2008,1.0
Bhutan,2009,1.0
Bhutan,2010,1.0
Bhutan,2011,1.0
Bhutan,2012,1.0
Bhutan,2013,1.0
Bhutan,2014,1.0
Bhutan,2015,1.0
Bhutan,2016,1.0
Bhutan,2017,1.0
Bolivia,1990,1.0
Bolivia,1991,1.5
Bolivia,1992,2.5
Bolivia,1993,5.0
Bolivia,1994,5.25
Bolivia,1995,5.4
Bolivia,1996,7.6
Bolivia,1997,9.2
Bolivia,1998,7.8
Bolivia,1999,8.8
Bolivia,2000,8.2
Bolivia,2001,6.4
Bolivia,2002,4.0
Bolivia,2003,3.6
Bolivia,2004,2.6
Bolivia,2005,2.8
Bolivia,2006,2.4
Bolivia,2007,2.4
Bolivia,2008,3.2
Bolivia,2009,3.4
Bolivia,2010,3.0
Bolivia,2011,2.8
Bolivia,2012,3.6
Bolivia,2013,3.4
Bolivia,2014,3.0
Bolivia,2015,3.2
Bolivia,2016,4.2
Bolivia,2017,3.8
Bosnia,1992,3.5
Bosnia,1993,3.75
Bosnia,1994,3.25
Bosnia,1995,1.75
Bosnia,1996,1.5
Bosnia,1997,1.8
Bosnia,1998,1.6
Bosnia,1999,1.6
Bosnia,2000,1.6
Bosnia,2001,1.4
Bosnia,2002,1.0
Bosnia,2003,1.0
Bosnia,2004,1.0
Bosnia,2005,1.0
Bosnia,2006,1.0
Bosnia,2007,1.0
Bosnia,2008,1.0
Bosnia,2009,1.0
Bosnia,2010,1.0
Bosnia,2011,1.0
Bosnia,2012,1.0
Bosnia,2013,1.0
Bosnia,2014,1.4
Bosnia,2015,2.2
Bosnia,2016,2.2
Bosnia,2017,2.2
Botswana,1990,2.5
Botswana,1991,2.0
Botswana,1992,1.25
Botswana,1993,1.25
Botswana,1994,1.25
Botswana,1995,1.2
Botswana,1996,1.4
Botswana,1997,1.2
Botswana,1998,1.2
Botswana,1999,1.2
Botswana,2000,1.2
Botswana,2001,1.2
Botswana,2002,1.2
Botswana,2003,1.2
Botswana,2004,1.2
Botswana,2005,2.2
Botswana,2006,2.2
Botswana,2007,3.0
Botswana,2008,3.2
Botswana,2009,3.2
Botswana,2010,3.0
Botswana,2011,2.8
Botswana,2012,2.4
Botswana,2013,2.2
Botswana,2014,2.2
Botswana,2015,1.4
Botswana,2016,1.4
Botswana,2017,1.0
Brazil,1990,1.0
Brazil,1991,2.0
Brazil,1992,3.5
Brazil,1993,4.25
Brazil,1994,4.75
Brazil,1995,4.2
Brazil,1996,4.4
Brazil,1997,3.8
Brazil,1998,4.6
Brazil,1999,6.2
Brazil,2000,7.8
Brazil,2001,8.4
Brazil,2002,9.2
Brazil,2003,8.4
Brazil,2004,7.8
Brazil,2005,6.4
Brazil,2006,5.4
Brazil,2007,4.6
Brazil,2008,5.6
Brazil,2009,5.0
Brazil,2010,5.0
Brazil,2011,5.2
Brazil,2012,5.0
Brazil,2013,3.8
Brazil,2014,7.4
Brazil,2015,8.6
Brazil,2016,12.2
Brazil,2017,16.2
Bulgaria,1990,19.5
Bulgaria,1991,22.5
Bulgaria,1992,21.5
Bulgaria,1993,16.25
Bulgaria,1994,10.75
Bulgaria,1995,8.8
Bulgaria,1996,2.8
Bulgaria,1997,2.2
Bulgaria,1998,8.0
Bulgaria,1999,8.0
Bulgaria,2000,8.0
Bulgaria,2001,7.2
Bulgaria,2002,7.0
Bulgaria,2003,1.0
Bulgaria,2004,1.0
Bulgaria,2005,1.2
Bulgaria,2006,2.0
Bulgaria,2007,2.0
Bulgaria,2008,2.0
Bulgaria,2009,3.0
Bulgaria,2010,3.2
Bulgaria,2011,2.4
Bulgaria,2012,2.8
Bulgaria,2013,3.6
Bulgaria,2014,3.4
Bulgaria,2015,3.2
Bulgaria,2016,3.2
Bulgaria,2017,2.8
Burkina Faso,1990,2.25
Burkina Faso,1991,1.25
Burkina Faso,1992,1.25
Burkina Faso,1993,1.25
Burkina Faso,1994,1.25
Burkina Faso,1995,1.2
Burkina Faso,1996,1.2
Burkina Faso,1997,1.0
Burkina Faso,1998,1.2
Burkina Faso,1999,1.4
Burkina Faso,2000,2.2
Burkina Faso,2001,2.6
Burkina Faso,2002,2.6
Burkina Faso,2003,3.0
Burkina Faso,2004,2.8
Burkina Faso,2005,2.0
Burkina Faso,2006,1.6
Burkina Faso,2007,2.0
Burkina Faso,2008,1.6
Burkina Faso,2009,2.2
Burkina Faso,2010,2.2
Burkina Faso,2011,2.2
Burkina Faso,2012,6.0
Burkina Faso,2013,5.8
Burkina Faso,2014,5.6
Burkina Faso,2015,6.0
Burkina Faso,2016,6.8
Burkina Faso,2017,2.6
Burundi,1990,3.0
Burundi,1991,2.5
Burundi,1992,2.0
Burundi,1993,1.0
Burundi,1994,2.75
Burundi,1995,3.2
Burundi,1996,3.6
Burundi,1997,5.0
Burundi,1998,5.0
Burundi,1999,3.6
Burundi,2000,2.8
Burundi,2001,2.8
Burundi,2002,1.4
Burundi,2003,2.0
Burundi,2004,2.0
Burundi,2005,2.2
Burundi,2006,1.8
Burundi,2007,1.8
Burundi,2008,1.6
Burundi,2009,2.2
Burundi,2010,2.2
Burundi,2011,2.4
Burundi,2012,3.0
Burundi,2013,2.6
Burundi,2014,2.2
Burundi,2015,2.2
Burundi,2016,10.2
Burundi,2017,9.6
Cambodia,1990,11.75
Cambodia,1991,11.5
Cambodia,1992,11.75
Cambodia,1993,1.5
Cambodia,1994,1.5
Cambodia,1995,1.4
Cambodia,1996,1.4
Cambodia,1997,1.0
Cambodia,1998,1.2
Cambodia,1999,2.0
Cambodia,2000,2.0
Cambodia,2001,2.4
Cambodia,2002,2.4
Cambodia,2003,2.2
Cambodia,2004,1.8
Cambodia,2005,2.2
Cambodia,2006,1.8
Cambodia,2007,2.0
Cambodia,2008,2.0
Cambodia,2009,1.6
Cambodia,2010,1.2
Cambodia,2011,1.2
Cambodia,2012,1.0
Cambodia,2013,1.4
Cambodia,2014,2.6
Cambodia,2015,4.0
Cambodia,2016,4.8
Cambodia,2017,5.2
Cameroon,1990,5.75
Cameroon,1991,4.5
Cameroon,1992,5.75
Cameroon,1993,5.0
Cameroon,1994,5.0
Cameroon,1995,4.6
Cameroon,1996,4.4
Cameroon,1997,2.0
Cameroon,1998,1.8
Cameroon,1999,1.4
Cameroon,2000,1.0
Cameroon,2001,1.2
Cameroon,2002,1.2
Cameroon,2003,1.2
Cameroon,2004,1.2
Cameroon,2005,1.2
Cameroon,2006,1.2
Cameroon,2007,1.2
Cameroon,2008,1.4
Cameroon,2009,1.8
Cameroon,2010,1.8
Cameroon,2011,2.0
Cameroon,2012,2.2
Cameroon,2013,2.0
Cameroon,2014,1.6
Cameroon,2015,1.6
Cameroon,2016,1.2
Cameroon,2017,2.0
Canada,1990,2.25
Canada,1991,3.5
Canada,1992,3.75
Canada,1993,3.75
Canada,1994,2.75
Canada,1995,2.6
Canada,1996,1.8
Canada,1997,1.6
Canada,1998,1.8
Canada,1999,1.6
Canada,2000,1.4
Canada,2001,1.8
Canada,2002,1.8
Canada,2003,1.6
Canada,2004,1.6
Canada,2005,1.6
Canada,2006,1.2
Canada,2007,1.2
Canada,2008,1.2
Canada,2009,1.2
Canada,2010,1.4
Canada,2011,1.2
Canada,2012,1.2
Canada,2013,1.2
Canada,2014,1.2
Canada,2015,1.0
Canada,2016,1.0
Canada,2017,2.8
Cape Verde,1990,3.25
Cape Verde,1991,3.25
Cape Verde,1992,3.25
Cape Verde,1993,3.25
Cape Verde,1994,1.0
Cape Verde,1995,1.0
Cape Verde,1996,1.0
Cape Verde,1997,1.0
Cape Verde,1998,1.0
Cape Verde,1999,1.0
Cape Verde,2000,1.0
Cape Verde,2001,1.0
Cape Verde,2002,1.0
Cape Verde,2003,1.0
Cape Verde,2004,1.0
Cape Verde,2005,1.0
Cape Verde,2006,1.2
Cape Verde,2007,1.2
Cape Verde,2008,1.2
Cape Verde,2009,1.2
Cape Verde,2010,1.2
Cape Verde,2011,1.0
Cape Verde,2012,1.0
Cape Verde,2013,1.0
Cape Verde,2014,1.0
Cape Verde,2015,1.0
Cape Verde,2016,1.0
Cape Verde,2017,1.0
Central African Republic,1990,1.0
Central African Republic,1991,1.0
Central African Republic,1992,1.5
Central African Republic,1993,1.75
Central African Republic,1994,2.0
Central African Republic,1995,1.8
Central African Republic,1996,1.8
Central African Republic,1997,2.6
Central African Republic,1998,2.4
Central African Republic,1999,2.2
Central African Republic,2000,2.2
Central African Republic,2001,3.2
Central African Republic,2002,2.0
Central African Republic,2003,2.8
Central African Republic,2004,2.8
Central African Republic,2005,3.6
Central African Republic,2006,2.8
Central African Republic,2007,3.6
Central African Republic,2008,3.0
Central African Republic,2009,3.0
Central African Republic,2010,2.2
Central African Republic,2011,2.0
Central African Republic,2012,1.2
Central African Republic,2013,1.0
Central African Republic,2014,2.4
Central African Republic,2015,2.4
Central African Republic,2016,2.8
Central African Republic,2017,2.8
Chad,1990,3.25
Chad,1991,1.5
Chad,1992,1.5
Chad,1993,1.25
Chad,1994,1.5
Chad,1995,1.4
Chad,1996,1.4
Chad,1997,1.4
Chad,1998,1.2
Chad,1999,1.0
Chad,2000,1.0
Chad,2001,1.0
Chad,2002,1.0
Chad,2003,1.0
Chad,2004,1.0
Chad,2005,1.0
Chad,2006,1.2
Chad,2007,1.2
Chad,2008,1.2
Chad,2009,1.2
Chad,2010,1.2
Chad,2011,1.0
Chad,2012,1.0
Chad,2013,1.0
Chad,2014,1.0
Chad,2015,1.0
Chad,2016,1.0
Chad,2017,2.0
Chile,1990,2.25
Chile,1991,2.5
Chile,1992,3.5
Chile,1993,4.5
Chile,1994,3.5
Chile,1995,4.6
Chile,1996,5.0
Chile,1997,5.6
Chile,1998,6.0
Chile,1999,6.0
Chile,2000,5.0
Chile,2001,5.2
Chile,2002,5.4
Chile,2003,6.2
Chile,2004,6.8
Chile,2005,6.6
Chile,2006,6.0
Chile,2007,6.6
Chile,2008,5.6
Chile,2009,6.6
Chile,2010,6.8
Chile,2011,7.8
Chile,2012,7.2
Chile,2013,7.0
Chile,2014,5.4
Chile,2015,4.8
Chile,2016,3.6
Chile,2017,3.0
China,1990,2.5
China,1991,2.75
China,1992,3.0
China,1993,3.0
China,1994,2.0
China,1995,1.8
China,1996,1.4
China,1997,1.2
China,1998,1.8
China,1999,2.8
China,2000,4.2
China,2001,6.6
China,2002,7.4
China,2003,7.2
China,2004,7.2
China,2005,8.0
China,2006,7.4
China,2007,8.4
China,2008,9.4
China,2009,12.2
China,2010,11.2
China,2011,9.8
China,2012,10.2
China,2013,12.8
China,2014,10.6
China,2015,16.4
China,2016,18.4
China,2017,21.0
Colombia,1990,21.0
Colombia,1991,20.0
Colombia,1992,12.25
Colombia,1993,10.25
Colombia,1994,5.5
Colombia,1995,5.4
Colombia,1996,4.6
Colombia,1997,4.4
Colombia,1998,5.8
Colombia,1999,5.6
Colombia,2000,6.0
Colombia,2001,6.8
Colombia,2002,7.2
Colombia,2003,5.8
Colombia,2004,5.2
Colombia,2005,4.8
Colombia,2006,4.8
Colombia,2007,4.6
Colombia,2008,5.8
Colombia,2009,7.0
Colombia,2010,6.2
Colombia,2011,5.4
Colombia,2012,5.2
Colombia,2013,3.6
Colombia,2014,2.8
Colombia,2015,3.2
Colombia,2016,3.0
Colombia,2017,2.4
Comoros,1990,2.25
Comoros,1991,1.75
Comoros,1992,1.25
Comoros,1993,1.25
Comoros,1994,1.25
Comoros,1995,1.2
Comoros,1996,1.0
Comoros,1997,1.0
Comoros,1998,3.4
Comoros,1999,3.8
Comoros,2000,3.8
Comoros,2001,4.4
Comoros,2002,5.0
Comoros,2003,3.0
Comoros,2004,3.6
Comoros,2005,3.6
Comoros,2006,3.6
Comoros,2007,3.0
Comoros,2008,3.0
Comoros,2009,2.0
Comoros,2010,2.0
Comoros,2011,2.4
Comoros,2012,2.4
Comoros,2013,2.0
Comoros,2014,2.0
Comoros,2015,2.0
Comoros,2016,1.0
Comoros,2017,1.0
Congo Brazzaville,1990,1.0
Congo Brazzaville,1991,1.0
Congo Brazzaville,1992,1.0
Congo Brazzaville,1993,2.25
Congo Brazzaville,1994,4.0
Congo Brazzaville,1995,3.6
Congo Brazzaville,1996,3.6
Congo Brazzaville,1997,3.6
Congo Brazzaville,1998,2.8
Congo Brazzaville,1999,1.4
Congo Brazzaville,2000,1.2
Congo Brazzaville,2001,1.2
Congo Brazzaville,2002,1.2
Congo Brazzaville,2003,1.0
Congo Brazzaville,2004,1.0
Congo Brazzaville,2005,1.2
Congo Brazzaville,2006,1.2
Congo Brazzaville,2007,1.2
Congo Brazzaville,2008,1.2
Congo Brazzaville,2009,1.2
Congo Brazzaville,2010,1.0
Congo Brazzaville,2011,1.0
Congo Brazzaville,2012,1.0
Congo Brazzaville,2013,1.2
Congo Brazzaville,2014,1.2
Congo Brazzaville,2015,1.2
Congo Brazzaville,2016,2.0
Congo Brazzaville,2017,2.2
Congo Kinshasa,1990,2.25
Congo Kinshasa,1991,2.25
Congo Kinshasa,1992,3.0
Congo Kinshasa,1993,3.25
Congo Kinshasa,1994,3.5
Congo Kinshasa,1995,3.0
Congo Kinshasa,1996,3.0
Congo Kinshasa,1997,2.4
Congo Kinshasa,1998,2.0
Congo Kinshasa,1999,1.6
Congo Kinshasa,2000,1.8
Congo Kinshasa,2001,1.8
Congo Kinshasa,2002,1.8
Congo Kinshasa,2003,1.4
Congo Kinshasa,2004,1.4
Congo Kinshasa,2005,1.2
Congo Kinshasa,2006,1.8
Congo Kinshasa,2007,3.2
Congo Kinshasa,2008,3.8
Congo Kinshasa,2009,3.8
Congo Kinshasa,2010,3.8
Congo Kinshasa,2011,3.2
Congo Kinshasa,2012,2.2
Congo Kinshasa,2013,1.4
Congo Kinshasa,2014,1.4
Congo Kinshasa,2015,1.4
Congo Kinshasa,2016,1.4
Congo Kinshasa,2017,1.6
Costa Rica,1990,1.75
Costa Rica,1991,1.75
Costa Rica,1992,2.25
Costa Rica,1993,2.25
Costa Rica,1994,1.5
Costa Rica,1995,1.4
Costa Rica,1996,2.6
Costa Rica,1997,2.4
Costa Rica,1998,2.4
Costa Rica,1999,2.4
Costa Rica,2000,2.4
Costa Rica,2001,2.6
Costa Rica,2002,2.4
Costa Rica,2003,2.6
Costa Rica,2004,2.8
Costa Rica,2005,3.2
Costa Rica,2006,2.0
Costa Rica,2007,2.0
Costa Rica,2008,2.0
Costa Rica,2009,1.8
Costa Rica,2010,1.4
Costa Rica,2011,1.2
Costa Rica,2012,1.2
Costa Rica,2013,1.0
Costa Rica,2014,1.0
Costa Rica,2015,1.0
Costa Rica,2016,1.0
Costa Rica,2017,1.0
Croatia,1991,1.0
Croatia,1992,1.0
Croatia,1993,1.0
Croatia,1994,1.0
Croatia,1995,1.0
Croatia,1996,1.0
Croatia,1997,1.4
Croatia,1998,1.4
Croatia,1999,1.4
Croatia,2000,1.4
Croatia,2001,1.4
Croatia,2002,1.0
Croatia,2003,1.0
Croatia,2004,1.0
Croatia,2005,1.0
Croatia,2006,1.2
Croatia,2007,1.2
Croatia,2008,1.2
Croatia,2009,1.2
Croatia,2010,1.2
Croatia,2011,1.0
Croatia,2012,1.2
Croatia,2013,1.2
Croatia,2014,1.4
Croatia,2015,1.4
Croatia,2016,1.4
Croatia,2017,1.2
Cuba,1990,1.25
Cuba,1991,1.0
Cuba,1992,1.0
Cuba,1993,1.0
Cuba,1994,1.0
Cuba,1995,1.0
Cuba,1996,1.0
Cuba,1997,1.0
Cuba,1998,1.0
Cuba,1999,1.0
Cuba,2000,1.0
Cuba,2001,1.0
Cuba,2002,1.0
Cuba,2003,1.0
Cuba,2004,1.0
Cuba,2005,1.0
Cuba,2006,1.0
Cuba,2007,1.0
Cuba,2008,1.0
Cuba,2009,1.0
Cuba,2010,1.0
Cuba,2011,1.0
Cuba,2012,1.0
Cuba,2013,1.0
Cuba,2014,1.0
Cuba,2015,1.2
Cuba,2016,8.4
Cuba,2017,18.8
Cyprus,1990,23.25
Cyprus,1991,23.25
Cyprus,1992,23.0
Cyprus,1993,14.0
Cyprus,1994,1.75
Cyprus,1995,1.6
Cyprus,1996,1.6
Cyprus,1997,1.6
Cyprus,1998,2.0
Cyprus,1999,1.4
Cyprus,2000,1.4
Cyprus,2001,1.8
Cyprus,2002,1.8
Cyprus,2003,1.8
Cyprus,2004,2.2
Cyprus,2005,2.6
Cyprus,2006,2.2
Cyprus,2007,2.2
Cyprus,2008,1.8
Cyprus,2009,1.8
Cyprus,2010,4.6
Cyprus,2011,6.8
Cyprus,2012,11.6
Cyprus,2013,13.8
Cyprus,2014,16.0
Cyprus,2015,15.6
Cyprus,2016,13.4
Cyprus,2017,8.6
Czech Republic,1993,7.75
Czech Republic,1994,4.5
Czech Republic,1995,1.0
Czech Republic,1996,1.25
Czech Republic,1997,1.25
Czech Republic,1998,1.2
Czech Republic,1999,1.2
Czech Republic,2000,1.2
Czech Republic,2001,1.0
Czech Republic,2002,1.0
Czech Republic,2003,1.0
Czech Republic,2004,1.0
Czech Republic,2005,1.0
Czech Republic,2006,1.0
Czech Republic,2007,1.0
Czech Republic,2008,1.0
Czech Republic,2009,1.0
Czech Republic,2010,1.0
Czech Republic,2011,1.0
Czech Republic,2012,1.0
Czech Republic,2013,1.0
Czech Republic,2014,1.0
Czech Republic,2015,1.0
Czech Republic,2016,2.0
Czech Republic,2017,2.0
Czechoslovakia,1990,2.25
Czechoslovakia,1991,3.0
Czechoslovakia,1992,3.0
Denmark,1990,2.0
Denmark,1991,2.0
Denmark,1992,1.75
Denmark,1993,1.0
Denmark,1994,1.25
Denmark,1995,1.2
Denmark,1996,1.2
Denmark,1997,1.2
Denmark,1998,1.2
Denmark,1999,1.0
Denmark,2000,1.0
Denmark,2001,1.0
Denmark,2002,1.0
Denmark,2003,1.0
Denmark,2004,1.0
Denmark,2005,1.0
Denmark,2006,1.0
Denmark,2007,1.0
Denmark,2008,1.2
Denmark,2009,1.4
Denmark,2010,1.4
Denmark,2011,1.4
Denmark,2012,1.4
Denmark,2013,1.2
Denmark,2014,1.0
Denmark,2015,1.0
Denmark,2016,1.0
Denmark,2017,1.0
Djibouti,1990,1.0
Djibouti,1991,1.0
Djibouti,1992,1.0
Djibouti,1993,1.0
Djibouti,1994,1.0
Djibouti,1995,1.0
Djibouti,1996,1.0
Djibouti,1997,1.0
Djibouti,1998,1.0
Djibouti,1999,1.0
Djibouti,2000,1.0
Djibouti,2001,1.0
Djibouti,2002,1.0
Djibouti,2003,1.0
Djibouti,2004,1.0
Djibouti,2005,1.0
Djibouti,2006,1.2
Djibouti,2007,1.2
Djibouti,2008,1.2
Djibouti,2009,1.2
Djibouti,2010,1.2
Djibouti,2011,1.0
Djibouti,2012,1.0
Djibouti,2013,1.0
Djibouti,2014,1.0
Djibouti,2015,1.0
Djibouti,2016,1.0
Djibouti,2017,1.0
Dominican Republic,1990,1.0
Dominican Republic,1991,1.75
Dominican Republic,1992,2.25
Dominican Republic,1993,2.25
Dominican Republic,1994,2.25
Dominican Republic,1995,2.2
Dominican Republic,1996,2.6
Dominican Republic,1997,2.6
Dominican Republic,1998,3.4
Dominican Republic,1999,4.0
Dominican Republic,2000,4.0
Dominican Republic,2001,3.0
Dominican Republic,2002,3.0
Dominican Republic,2003,2.2
Dominican Republic,2004,1.8
Dominican Republic,2005,1.6
Dominican Republic,2006,1.6
Dominican Republic,2007,1.2
Dominican Republic,2008,1.2
Dominican Republic,2009,1.0
Dominican Republic,2010,1.0
Dominican Republic,2011,1.0
Dominican Republic,2012,1.0
Dominican Republic,2013,1.2
Dominican Republic,2014,1.2
Dominican Republic,2015,1.2
Dominican Republic,2016,1.2
Dominican Republic,2017,1.2
Ecuador,1990,1.0
Ecuador,1991,1.5
Ecuador,1992,2.25
Ecuador,1993,3.0
Ecuador,1994,4.0
Ecuador,1995,4.6
Ecuador,1996,5.2
Ecuador,1997,4.8
Ecuador,1998,5.0
Ecuador,1999,5.2
Ecuador,2000,6.0
Ecuador,2001,8.4
Ecuador,2002,10.2
Ecuador,2003,11.2
Ecuador,2004,12.2
Ecuador,2005,11.6
Ecuador,2006,10.2
Ecuador,2007,9.2
Ecuador,2008,7.4
Ecuador,2009,5.6
Ecuador,2010,4.4
Ecuador,2011,3.2
Ecuador,2012,2.2
Ecuador,2013,2.2
Ecuador,2014,2.0
Ecuador,2015,1.8
Ecuador,2016,2.0
Ecuador,2017,2.0
Egypt,1990,2.25
Egypt,1991,2.5
Egypt,1992,2.75
Egypt,1993,1.5
Egypt,1994,2.0
Egypt,1995,2.2
Egypt,1996,2.0
Egypt,1997,1.8
Egypt,1998,1.8
Egypt,1999,1.4
Egypt,2000,1.0
Egypt,2001,1.0
Egypt,2002,1.0
Egypt,2003,1.4
Egypt,2004,1.4
Egypt,2005,1.8
Egypt,2006,2.8
Egypt,2007,3.2
Egypt,2008,2.8
Egypt,2009,3.4
Egypt,2010,3.0
Egypt,2011,2.4
Egypt,2012,5.8
Egypt,2013,8.4
Egypt,2014,12.0
Egypt,2015,15.4
Egypt,2016,15.8
Egypt,2017,13.0
El Salvador,1990,12.75
El Salvador,1991,7.5
El Salvador,1992,3.25
El Salvador,1993,2.25
El Salvador,1994,1.25
El Salvador,1995,1.2
El Salvador,1996,3.4
El Salvador,1997,4.0
El Salvador,1998,4.0
El Salvador,1999,4.4
El Salvador,2000,4.6
El Salvador,2001,3.0
El Salvador,2002,2.6
El Salvador,2003,2.6
El Salvador,2004,2.4
El Salvador,2005,3.0
El Salvador,2006,2.4
El Salvador,2007,2.8
El Salvador,2008,2.8
El Salvador,2009,2.6
El Salvador,2010,1.8
El Salvador,2011,1.8
El Salvador,2012,1.2
El Salvador,2013,1.2
El Salvador,2014,1.2
El Salvador,2015,1.2
El Salvador,2016,1.4
El Salvador,2017,1.4
Equatorial Guinea,1990,1.5
Equatorial Guinea,1991,1.25
Equatorial Guinea,1992,1.25
Equatorial Guinea,1993,1.0
Equatorial Guinea,1994,1.0
Equatorial Guinea,1995,1.0
Equatorial Guinea,1996,1.0
Equatorial Guinea,1997,1.0
Equatorial Guinea,1998,1.0
Equatorial Guinea,1999,1.0
Equatorial Guinea,2000,1.0
Equatorial Guinea,2001,1.0
Equatorial Guinea,2002,1.0
Equatorial Guinea,2003,1.0
Equatorial Guinea,2004,1.0
Equatorial Guinea,2005,1.0
Equatorial Guinea,2006,1.0
Equatorial Guinea,2007,1.0
Equatorial Guinea,2008,1.0
Equatorial Guinea,2009,1.0
Equatorial Guinea,2010,1.0
Equatorial Guinea,2011,1.0
Equatorial Guinea,2012,1.0
Equatorial Guinea,2013,1.0
Equatorial Guinea,2014,1.0
Equatorial Guinea,2015,1.0
Equatorial Guinea,2016,1.0
Equatorial Guinea,2017,1.0
Eritrea,1990,1.0
Eritrea,1991,1.0
Eritrea,1992,1.0
Eritrea,1993,1.0
Eritrea,1994,1.0
Eritrea,1995,1.0
Eritrea,1996,1.0
Eritrea,1997,1.0
Eritrea,1998,1.0
Eritrea,1999,1.0
Eritrea,2000,1.0
Eritrea,2001,1.0
Eritrea,2002,1.0
Eritrea,2003,1.0
Eritrea,2004,1.0
Eritrea,2005,1.0
Eritrea,2006,1.0
Eritrea,2007,1.0
Eritrea,2008,1.0
Eritrea,2009,1.0
Eritrea,2010,1.0
Eritrea,2011,1.0
Eritrea,2012,1.0
Eritrea,2013,1.0
Eritrea,2014,1.0
Eritrea,2015,1.0
Eritrea,2016,1.0
Eritrea,2017,1.0
Estonia,1991,1.0
Estonia,1992,1.0
Estonia,1993,1.0
Estonia,1994,1.0
Estonia,1995,1.0
Estonia,1996,1.0
Estonia,1997,1.0
Estonia,1998,1.0
Estonia,1999,1.6
Estonia,2000,2.0
Estonia,2001,3.2
Estonia,2002,4.0
Estonia,2003,4.4
Estonia,2004,4.4
Estonia,2005,4.0
Estonia,2006,3.6
Estonia,2007,4.2
Estonia,2008,4.2
Estonia,2009,3.6
Estonia,2010,3.6
Estonia,2011,2.8
Estonia,2012,1.4
Estonia,2013,1.0
Estonia,2014,1.2
Estonia,2015,1.2
Estonia,2016,1.2
Estonia,2017,1.2
Ethiopia,1990,1.25
Ethiopia,1991,1.0
Ethiopia,1992,1.0
Ethiopia,1993,1.0
Ethiopia,1994,1.0
Ethiopia,1995,1.2
Ethiopia,1996,1.2
Ethiopia,1997,1.4
Ethiopia,1998,1.4
Ethiopia,1999,1.4
Ethiopia,2000,1.2
Ethiopia,2001,1.2
Ethiopia,2002,1.4
Ethiopia,2003,1.8
Ethiopia,2004,1.8
Ethiopia,2005,1.8
Ethiopia,2006,2.0
Ethiopia,2007,1.6
Ethiopia,2008,1.2
Ethiopia,2009,1.2
Ethiopia,2010,1.2
Ethiopia,2011,1.0
Ethiopia,2012,1.0
Ethiopia,2013,1.2
Ethiopia,2014,1.2
Ethiopia,2015,1.4
Ethiopia,2016,2.0
Ethiopia,2017,2.6
Finland,1990,2.75
Finland,1991,2.75
Finland,1992,2.5
Finland,1993,1.75
Finland,1994,1.0
Finland,1995,1.0
Finland,1996,1.0
Finland,1997,1.0
Finland,1998,1.0
Finland,1999,1.0
Finland,2000,1.0
Finland,2001,1.2
Finland,2002,1.2
Finland,2003,1.2
Finland,2004,1.2
Finland,2005,1.2
Finland,2006,1.0
Finland,2007,1.0
Finland,2008,1.0
Finland,2009,1.0
Finland,2010,1.0
Finland,2011,1.0
Finland,2012,1.0
Finland,2013,1.0
Finland,2014,1.0
Finland,2015,1.0
Finland,2016,1.2
Finland,2017,1.8
France,1990,2.0
France,1991,8.5
France,1992,14.25
France,1993,22.5
France,1994,28.0
France,1995,26.4
France,1996,28.4
France,1997,29.0
France,1998,26.4
France,1999,26.8
France,2000,25.0
France,2001,20.0
France,2002,15.0
France,2003,12.4
France,2004,9.2
France,2005,8.0
France,2006,7.2
France,2007,9.2
France,2008,8.6
France,2009,7.4
France,2010,8.2
France,2011,8.6
France,2012,6.6
France,2013,6.8
France,2014,8.8
France,2015,10.4
France,2016,11.2
France,2017,20.6
Gabon,1990,24.0
Gabon,1991,21.5
Gabon,1992,17.5
Gabon,1993,14.25
Gabon,1994,3.5
Gabon,1995,3.0
Gabon,1996,2.0
Gabon,1997,2.0
Gabon,1998,2.0
Gabon,1999,1.2
Gabon,2000,1.4
Gabon,2001,1.4
Gabon,2002,1.4
Gabon,2003,1.4
Gabon,2004,1.2
Gabon,2005,1.0
Gabon,2006,1.2
Gabon,2007,1.2
Gabon,2008,1.2
Gabon,2009,1.2
Gabon,2010,1.6
Gabon,2011,1.4
Gabon,2012,1.6
Gabon,2013,1.6
Gabon,2014,1.6
Gabon,2015,1.2
Gabon,2016,1.2
Gabon,2017,1.2
Gambia,1990,1.25
Gambia,1991,1.25
Gambia,1992,1.25
Gambia,1993,1.25
Gambia,1994,1.0
Gambia,1995,1.0
Gambia,1996,1.0
Gambia,1997,1.0
Gambia,1998,1.0
Gambia,1999,1.0
Gambia,2000,1.0
Gambia,2001,1.2
Gambia,2002,1.2
Gambia,2003,1.2
Gambia,2004,1.2
Gambia,2005,1.2
Gambia,2006,1.0
Gambia,2007,1.0
Gambia,2008,1.0
Gambia,2009,1.0
Gambia,2010,1.0
Gambia,2011,1.0
Gambia,2012,1.0
Gambia,2013,1.0
Gambia,2014,1.0
Gambia,2015,1.0
Gambia,2016,1.0
Gambia,2017,1.2
Georgia,1990,1.25
Georgia,1991,1.5
Georgia,1992,2.5
Georgia,1993,3.75
Georgia,1994,3.5
Georgia,1995,3.4
Georgia,1996,3.4
Georgia,1997,3.2
Georgia,1998,2.2
Georgia,1999,2.2
Georgia,2000,1.8
Georgia,2001,1.6
Georgia,2002,1.4
Georgia,2003,1.4
Georgia,2004,1.8
Georgia,2005,2.2
Georgia,2006,2.2
Georgia,2007,1.8
Georgia,2008,2.2
Georgia,2009,1.8
Georgia,2010,1.8
Georgia,2011,1.8
Georgia,2012,2.0
Georgia,2013,1.8
Georgia,2014,2.0
Georgia,2015,2.0
Georgia,2016,2.0
Georgia,2017,2.4
Germany,1990,2.5
Germany,1991,3.25
Germany,1992,6.25
Germany,1993,8.25
Germany,1994,10.5
Germany,1995,8.8
Germany,1996,8.6
Germany,1997,7.0
Germany,1998,7.2
Germany,1999,5.8
Germany,2000,6.2
Germany,2001,7.6
Germany,2002,8.2
Germany,2003,6.8
Germany,2004,6.6
Germany,2005,8.2
Germany,2006,6.8
Germany,2007,5.2
Germany,2008,5.8
Germany,2009,5.0
Germany,2010,3.6
Germany,2011,5.2
Germany,2012,6.4
Germany,2013,6.2
Germany,2014,7.0
Germany,2015,9.0
Germany,2016,19.0
Germany,2017,27.0
Germany East,1990,32.5
Germany West,1990,41.666666666666664
Ghana,1990,55.0
Ghana,1991,24.5
Ghana,1992,1.0
Ghana,1993,1.0
Ghana,1994,1.25
Ghana,1995,1.2
Ghana,1996,2.2
Ghana,1997,2.2
Ghana,1998,2.2
Ghana,1999,2.0
Ghana,2000,2.6
Ghana,2001,1.6
Ghana,2002,1.6
Ghana,2003,1.6
Ghana,2004,2.0
Ghana,2005,1.4
Ghana,2006,1.4
Ghana,2007,1.4
Ghana,2008,1.4
Ghana,2009,1.0
Ghana,2010,1.0
Ghana,2011,1.6
Ghana,2012,2.8
Ghana,2013,4.2
Ghana,2014,4.8
Ghana,2015,5.2
Ghana,2016,5.6
Ghana,2017,6.0
Greece,1990,5.5
Greece,1991,6.25
Greece,1992,6.75
Greece,1993,6.75
Greece,1994,5.0
Greece,1995,4.2
Greece,1996,3.6
Greece,1997,3.4
Greece,1998,2.6
Greece,1999,4.0
Greece,2000,4.4
Greece,2001,4.0
Greece,2002,4.0
Greece,2003,3.8
Greece,2004,3.2
Greece,2005,2.8
Greece,2006,3.4
Greece,2007,6.0
Greece,2008,11.0
Greece,2009,11.8
Greece,2010,13.4
Greece,2011,19.2
Greece,2012,21.2
Greece,2013,21.2
Greece,2014,23.0
Greece,2015,22.6
Greece,2016,23.0
Greece,2017,22.2
Guatemala,1990,21.25
Guatemala,1991,16.75
Guatemala,1992,15.25
Guatemala,1993,6.5
Guatemala,1994,1.5
Guatemala,1995,1.6
Guatemala,1996,1.6
Guatemala,1997,2.0
Guatemala,1998,2.8
Guatemala,1999,2.4
Guatemala,2000,2.2
Guatemala,2001,2.2
Guatemala,2002,4.4
Guatemala,2003,5.0
Guatemala,2004,6.8
Guatemala,2005,7.4
Guatemala,2006,8.8
Guatemala,2007,6.2
Guatemala,2008,4.8
Guatemala,2009,3.4
Guatemala,2010,3.2
Guatemala,2011,1.8
Guatemala,2012,1.8
Guatemala,2013,2.2
Guatemala,2014,2.6
Guatemala,2015,2.2
Guatemala,2016,6.2
Guatemala,2017,6.2
Guinea,1990,7.0
Guinea,1991,6.0
Guinea,1992,6.25
Guinea,1993,1.25
Guinea,1994,1.5
Guinea,1995,1.4
Guinea,1996,1.4
Guinea,1997,1.2
Guinea,1998,1.2
Guinea,1999,1.2
Guinea,2000,1.2
Guinea,2001,1.2
Guinea,2002,1.6
Guinea,2003,1.6
Guinea,2004,1.4
Guinea,2005,2.0
Guinea,2006,2.0
Guinea,2007,2.6
Guinea,2008,4.0
Guinea,2009,5.0
Guinea,2010,5.0
Guinea,2011,5.0
Guinea,2012,4.0
Guinea,2013,4.8
Guinea,2014,6.6
Guinea,2015,6.0
Guinea,2016,7.6
Guinea,2017,8.0
Guinea-Bissau,1990,7.0
Guinea-Bissau,1991,3.5
Guinea-Bissau,1992,3.5
Guinea-Bissau,1993,1.5
Guinea-Bissau,1994,1.0
Guinea-Bissau,1995,1.0
Guinea-Bissau,1996,1.0
Guinea-Bissau,1997,1.0
Guinea-Bissau,1998,1.0
Guinea-Bissau,1999,1.0
Guinea-Bissau,2000,1.4
Guinea-Bissau,2001,1.4
Guinea-Bissau,2002,1.8
Guinea-Bissau,2003,1.8
Guinea-Bissau,2004,1.8
Guinea-Bissau,2005,1.6
Guinea-Bissau,2006,2.6
Guinea-Bissau,2007,2.2
Guinea-Bissau,2008,2.2
Guinea-Bissau,2009,2.2
Guinea-Bissau,2010,2.0
Guinea-Bissau,2011,1.0
Guinea-Bissau,2012,1.8
Guinea-Bissau,2013,1.8
Guinea-Bissau,2014,1.8
Guinea-Bissau,2015,1.8
Guinea-Bissau,2016,1.8
Guinea-Bissau,2017,1.0
Guyana,1990,1.0
Guyana,1991,1.0
Guyana,1992,1.0
Guyana,1993,1.5
Guyana,1994,1.5
Guyana,1995,1.4
Guyana,1996,1.4
Guyana,1997,1.4
Guyana,1998,1.4
Guyana,1999,2.8
Guyana,2000,2.8
Guyana,2001,2.8
Guyana,2002,2.8
Guyana,2003,2.4
Guyana,2004,1.0
Guyana,2005,1.0
Guyana,2006,1.0
Guyana,2007,1.0
Guyana,2008,1.0
Guyana,2009,1.4
Guyana,2010,1.4
Guyana,2011,1.4
Guyana,2012,1.6
Guyana,2013,1.6
Guyana,2014,1.4
Guyana,2015,1.8
Guyana,2016,2.0
Guyana,2017,1.8
Haiti,1990,2.0
Haiti,1991,2.0
Haiti,1992,2.0
Haiti,1993,2.0
Haiti,1994,3.0
Haiti,1995,4.4
Haiti,1996,4.4
Haiti,1997,4.0
Haiti,1998,4.4
Haiti,1999,4.0
Haiti,2000,3.2
Haiti,2001,3.6
Haiti,2002,3.6
Haiti,2003,3.6
Haiti,2004,3.4
Haiti,2005,3.8
Haiti,2006,3.4
Haiti,2007,4.0
Haiti,2008,3.4
Haiti,2009,3.6
Haiti,2010,2.2
Haiti,2011,2.6
Haiti,2012,2.2
Haiti,2013,2.6
Haiti,2014,3.4
Haiti,2015,5.0
Haiti,2016,5.2
Haiti,2017,5.4
Honduras,1990,6.0
Honduras,1991,4.75
Honduras,1992,3.0
Honduras,1993,2.5
Honduras,1994,2.25
Honduras,1995,3.0
Honduras,1996,3.2
Honduras,1997,3.4
Honduras,1998,4.4
Honduras,1999,4.8
Honduras,2000,4.6
Honduras,2001,4.4
Honduras,2002,4.0
Honduras,2003,3.2
Honduras,2004,2.6
Honduras,2005,2.8
Honduras,2006,2.8
Honduras,2007,2.8
Honduras,2008,2.4
Honduras,2009,2.4
Honduras,2010,3.0
Honduras,2011,2.8
Honduras,2012,3.8
Honduras,2013,3.8
Honduras,2014,4.6
Honduras,2015,3.0
Honduras,2016,6.2
Honduras,2017,5.4
Hungary,1990,6.25
Hungary,1991,6.25
Hungary,1992,6.25
Hungary,1993,2.75
Hungary,1994,2.5
Hungary,1995,2.4
Hungary,1996,1.6
Hungary,1997,1.6
Hungary,1998,1.2
Hungary,1999,1.2
Hungary,2000,1.2
Hungary,2001,1.2
Hungary,2002,1.2
Hungary,2003,1.4
Hungary,2004,1.4
Hungary,2005,1.2
Hungary,2006,1.2
Hungary,2007,2.4
Hungary,2008,3.0
Hungary,2009,3.0
Hungary,2010,3.2
Hungary,2011,3.2
Hungary,2012,2.4
Hungary,2013,1.8
Hungary,2014,2.2
Hungary,2015,2.4
Hungary,2016,3.4
Hungary,2017,3.2
India,1990,3.5
India,1991,5.25
India,1992,4.75
India,1993,4.0
India,1994,4.25
India,1995,4.4
India,1996,2.6
India,1997,3.2
India,1998,3.2
India,1999,3.8
India,2000,3.0
India,2001,3.8
India,2002,4.8
India,2003,5.0
India,2004,4.0
India,2005,4.6
India,2006,4.4
India,2007,4.6
India,2008,6.6
India,2009,9.0
India,2010,9.2
India,2011,10.0
India,2012,9.8
India,2013,8.8
India,2014,8.0
India,2015,9.8
India,2016,10.4
India,2017,10.0
Indonesia,1990,10.25
Indonesia,1991,8.25
Indonesia,1992,5.25
Indonesia,1993,2.75
Indonesia,1994,2.0
Indonesia,1995,3.2
Indonesia,1996,4.0
Indonesia,1997,5.0
Indonesia,1998,5.8
Indonesia,1999,9.6
Indonesia,2000,11.0
Indonesia,2001,11.8
Indonesia,2002,11.4
Indonesia,2003,11.6
Indonesia,2004,7.6
Indonesia,2005,5.2
Indonesia,2006,4.0
Indonesia,2007,4.4
Indonesia,2008,3.4
Indonesia,2009,3.4
Indonesia,2010,3.0
Indonesia,2011,3.0
Indonesia,2012,2.0
Indonesia,2013,2.0
Indonesia,2014,2.4
Indonesia,2015,3.4
Indonesia,2016,3.0
Indonesia,2017,4.0
Iran,1990,4.75
Iran,1991,3.75
Iran,1992,3.0
Iran,1993,3.5
Iran,1994,2.0
Iran,1995,2.4
Iran,1996,2.4
Iran,1997,2.0
Iran,1998,1.6
Iran,1999,2.4
Iran,2000,2.4
Iran,2001,3.2
Iran,2002,4.0
Iran,2003,5.4
Iran,2004,4.8
Iran,2005,4.2
Iran,2006,3.8
Iran,2007,3.8
Iran,2008,3.6
Iran,2009,3.4
Iran,2010,7.4
Iran,2011,7.4
Iran,2012,7.4
Iran,2013,6.2
Iran,2014,6.4
Iran,2015,3.0
Iran,2016,3.2
Iran,2017,3.0
Iraq,1990,3.5
Iraq,1991,3.25
Iraq,1992,2.5
Iraq,1993,1.75
Iraq,1994,1.0
Iraq,1995,1.0
Iraq,1996,1.0
Iraq,1997,1.0
Iraq,1998,1.0
Iraq,1999,1.0
Iraq,2000,1.0
Iraq,2001,1.0
Iraq,2002,1.0
Iraq,2003,1.0
Iraq,2004,2.4
Iraq,2005,3.6
Iraq,2006,6.2
Iraq,2007,6.4
Iraq,2008,7.0
Iraq,2009,7.4
Iraq,2010,6.8
Iraq,2011,5.4
Iraq,2012,7.2
Iraq,2013,6.8
Iraq,2014,6.8
Iraq,2015,6.2
Iraq,2016,6.2
Iraq,2017,5.2
Ireland,1990,6.0
Ireland,1991,3.75
Ireland,1992,3.75
Ireland,1993,6.25
Ireland,1994,7.0
Ireland,1995,12.2
Ireland,1996,12.2
Ireland,1997,12.2
Ireland,1998,14.4
Ireland,1999,12.8
Ireland,2000,6.4
Ireland,2001,6.4
Ireland,2002,6.4
Ireland,2003,1.0
Ireland,2004,8.8
Ireland,2005,14.0
Ireland,2006,19.6
Ireland,2007,27.0
Ireland,2008,35.0
Ireland,2009,27.2
Ireland,2010,22.4
Ireland,2011,17.4
Ireland,2012,10.0
Ireland,2013,2.2
Ireland,2014,7.4
Ireland,2015,18.0
Ireland,2016,23.6
Ireland,2017,27.2
Italy,1990,33.5
Italy,1991,27.0
Italy,1992,13.5
Italy,1993,7.0
Italy,1994,4.0
Italy,1995,4.0
Italy,1996,4.0
Italy,1997,3.8
Italy,1998,3.0
Italy,1999,2.0
Italy,2000,1.8
Italy,2001,2.4
Italy,2002,3.4
Italy,2003,6.4
Italy,2004,6.6
Italy,2005,8.2
Italy,2006,8.8
Italy,2007,9.0
Italy,2008,7.0
Italy,2009,7.8
Italy,2010,6.8
Italy,2011,6.8
Italy,2012,7.2
Italy,2013,6.8
Italy,2014,6.0
Italy,2015,6.0
Italy,2016,4.8
Italy,2017,4.8
Ivory Coast,1990,4.75
Ivory Coast,1991,7.5
Ivory Coast,1992,8.0
Ivory Coast,1993,9.25
Ivory Coast,1994,7.25
Ivory Coast,1995,6.0
Ivory Coast,1996,4.4
Ivory Coast,1997,3.0
Ivory Coast,1998,2.2
Ivory Coast,1999,3.0
Ivory Coast,2000,5.4
Ivory Coast,2001,5.6
Ivory Coast,2002,6.6
Ivory Coast,2003,6.4
Ivory Coast,2004,6.0
Ivory Coast,2005,3.6
Ivory Coast,2006,2.4
Ivory Coast,2007,1.8
Ivory Coast,2008,2.4
Ivory Coast,2009,3.0
Ivory Coast,2010,3.0
Ivory Coast,2011,4.0
Ivory Coast,2012,4.4
Ivory Coast,2013,3.8
Ivory Coast,2014,2.8
Ivory Coast,2015,2.8
Ivory Coast,2016,1.8
Ivory Coast,2017,1.6
Jamaica,1990,1.75
Jamaica,1991,1.75
Jamaica,1992,2.0
Jamaica,1993,2.0
Jamaica,1994,1.25
Jamaica,1995,1.2
Jamaica,1996,1.2
Jamaica,1997,1.0
Jamaica,1998,1.0
Jamaica,1999,1.0
Jamaica,2000,1.2
Jamaica,2001,1.2
Jamaica,2002,1.2
Jamaica,2003,1.2
Jamaica,2004,2.0
Jamaica,2005,2.0
Jamaica,2006,2.2
Jamaica,2007,2.2
Jamaica,2008,2.2
Jamaica,2009,1.4
Jamaica,2010,1.2
Jamaica,2011,1.0
Jamaica,2012,1.0
Jamaica,2013,1.0
Jamaica,2014,1.0
Jamaica,2015,2.2
Jamaica,2016,2.2
Jamaica,2017,2.2
Japan,1990,2.5
Japan,1991,3.5
Japan,1992,2.25
Japan,1993,3.5
Japan,1994,3.75
Japan,1995,3.2
Japan,1996,2.4
Japan,1997,2.2
Japan,1998,1.8
Japan,1999,1.6
Japan,2000,2.0
Japan,2001,2.0
Japan,2002,2.0
Japan,2003,1.4
Japan,2004,1.4
Japan,2005,1.0
Japan,2006,1.0
Japan,2007,1.2
Japan,2008,1.6
Japan,2009,1.6
Japan,2010,2.4
Japan,2011,2.6
Japan,2012,2.4
Japan,2013,2.8
Japan,2014,3.2
Japan,2015,2.6
Japan,2016,4.2
Japan,2017,4.2
Jordan,1990,4.0
Jordan,1991,3.5
Jordan,1992,3.25
Jordan,1993,1.0
Jordan,1994,1.0
Jordan,1995,1.2
Jordan,1996,1.2
Jordan,1997,1.2
Jordan,1998,1.4
Jordan,1999,1.4
Jordan,2000,1.2
Jordan,2001,1.2
Jordan,2002,1.2
Jordan,2003,1.0
Jordan,2004,1.0
Jordan,2005,1.0
Jordan,2006,1.0
Jordan,2007,1.0
Jordan,2008,1.0
Jordan,2009,1.0
Jordan,2010,1.0
Jordan,2011,1.6
Jordan,2012,4.4
Jordan,2013,5.8
Jordan,2014,6.0
Jordan,2015,6.6
Jordan,2016,6.2
Jordan,2017,3.8
Kazakhstan,1990,2.75
Kazakhstan,1991,2.5
Kazakhstan,1992,1.75
Kazakhstan,1993,1.75
Kazakhstan,1994,1.25
Kazakhstan,1995,1.4
Kazakhstan,1996,1.6
Kazakhstan,1997,2.6
Kazakhstan,1998,4.4
Kazakhstan,1999,5.2
Kazakhstan,2000,5.8
Kazakhstan,2001,5.6
Kazakhstan,2002,4.6
Kazakhstan,2003,2.6
Kazakhstan,2004,1.8
Kazakhstan,2005,2.0
Kazakhstan,2006,2.4
Kazakhstan,2007,3.4
Kazakhstan,2008,4.0
Kazakhstan,2009,4.8
Kazakhstan,2010,4.4
Kazakhstan,2011,4.6
Kazakhstan,2012,4.4
Kazakhstan,2013,3.8
Kazakhstan,2014,3.0
Kazakhstan,2015,2.6
Kazakhstan,2016,2.0
Kazakhstan,2017,1.2
Kenya,1990,1.25
Kenya,1991,2.25
Kenya,1992,2.25
Kenya,1993,2.5
Kenya,1994,2.75
Kenya,1995,2.4
Kenya,1996,1.6
Kenya,1997,1.6
Kenya,1998,2.8
Kenya,1999,3.2
Kenya,2000,3.4
Kenya,2001,3.8
Kenya,2002,4.0
Kenya,2003,3.6
Kenya,2004,3.2
Kenya,2005,3.6
Kenya,2006,4.2
Kenya,2007,4.8
Kenya,2008,4.4
Kenya,2009,6.6
Kenya,2010,6.0
Kenya,2011,13.0
Kenya,2012,12.0
Kenya,2013,19.6
Kenya,2014,21.2
Kenya,2015,21.6
Kenya,2016,42.0
Kenya,2017,43.0
Kosovo,2008,43.25
Kosovo,2009,38.25
Kosovo,2010,37.75
Kosovo,2011,2.5
Kosovo,2012,1.75
Kosovo,2013,1.6
Kosovo,2014,1.6
Kosovo,2015,1.6
Kosovo,2016,2.2
Kosovo,2017,2.0
Kuwait,1990,2.25
Kuwait,1991,2.25
Kuwait,1992,2.75
Kuwait,1993,1.75
Kuwait,1994,1.5
Kuwait,1995,1.4
Kuwait,1996,1.4
Kuwait,1997,1.0
Kuwait,1998,1.0
Kuwait,1999,1.0
Kuwait,2000,1.0
Kuwait,2001,1.0
Kuwait,2002,1.0
Kuwait,2003,1.0
Kuwait,2004,1.0
Kuwait,2005,1.0
Kuwait,2006,1.0
Kuwait,2007,1.0
Kuwait,2008,1.0
Kuwait,2009,1.2
Kuwait,2010,1.2
Kuwait,2011,1.2
Kuwait,2012,1.8
Kuwait,2013,3.8
Kuwait,2014,4.4
Kuwait,2015,5.2
Kuwait,2016,5.2
Kuwait,2017,4.6
Kyrgyzstan,1990,3.0
Kyrgyzstan,1991,2.0
Kyrgyzstan,1992,1.0
Kyrgyzstan,1993,1.0
Kyrgyzstan,1994,1.0
Kyrgyzstan,1995,1.0
Kyrgyzstan,1996,1.0
Kyrgyzstan,1997,1.0
Kyrgyzstan,1998,1.0
Kyrgyzstan,1999,1.2
Kyrgyzstan,2000,1.2
Kyrgyzstan,2001,2.0
Kyrgyzstan,2002,2.2
Kyrgyzstan,2003,4.8
Kyrgyzstan,2004,4.6
Kyrgyzstan,2005,4.6
Kyrgyzstan,2006,6.2
Kyrgyzstan,2007,6.6
Kyrgyzstan,2008,4.2
Kyrgyzstan,2009,4.6
Kyrgyzstan,2010,5.0
Kyrgyzstan,2011,2.8
Kyrgyzstan,2012,8.8
Kyrgyzstan,2013,15.0
Kyrgyzstan,2014,21.2
Kyrgyzstan,2015,21.0
Kyrgyzstan,2016,20.8
Kyrgyzstan,2017,14.2
Laos,1990,9.5
Laos,1991,1.25
Laos,1992,1.0
Laos,1993,1.0
Laos,1994,1.0
Laos,1995,1.0
Laos,1996,1.0
Laos,1997,1.0
Laos,1998,1.0
Laos,1999,1.0
Laos,2000,1.0
Laos,2001,1.0
Laos,2002,1.0
Laos,2003,1.0
Laos,2004,1.0
Laos,2005,1.0
Laos,2006,1.0
Laos,2007,1.0
Laos,2008,1.0
Laos,2009,1.0
Laos,2010,1.0
Laos,2011,1.0
Laos,2012,1.0
Laos,2013,1.0
Laos,2014,1.0
Laos,2015,1.0
Laos,2016,1.0
Laos,2017,1.0
Latvia,1991,1.0
Latvia,1992,1.0
Latvia,1993,1.0
Latvia,1994,1.0
Latvia,1995,1.0
Latvia,1996,1.2
Latvia,1997,3.0
Latvia,1998,4.0
Latvia,1999,6.2
Latvia,2000,7.4
Latvia,2001,7.2
Latvia,2002,5.4
Latvia,2003,5.4
Latvia,2004,4.4
Latvia,2005,3.6
Latvia,2006,3.6
Latvia,2007,3.6
Latvia,2008,3.4
Latvia,2009,2.8
Latvia,2010,2.4
Latvia,2011,2.4
Latvia,2012,4.2
Latvia,2013,4.0
Latvia,2014,3.4
Latvia,2015,3.4
Latvia,2016,3.4
Latvia,2017,1.6
Lebanon,1990,1.0
Lebanon,1991,1.25
Lebanon,1992,1.25
Lebanon,1993,2.0
Lebanon,1994,2.5
Lebanon,1995,2.4
Lebanon,1996,2.2
Lebanon,1997,2.2
Lebanon,1998,1.6
Lebanon,1999,1.2
Lebanon,2000,1.0
Lebanon,2001,1.2
Lebanon,2002,1.2
Lebanon,2003,2.0
Lebanon,2004,2.0
Lebanon,2005,2.0
Lebanon,2006,3.0
Lebanon,2007,4.0
Lebanon,2008,3.4
Lebanon,2009,4.0
Lebanon,2010,4.0
Lebanon,2011,2.8
Lebanon,2012,2.4
Lebanon,2013,2.2
Lebanon,2014,1.6
Lebanon,2015,2.2
Lebanon,2016,3.4
Lebanon,2017,2.8
Lesotho,1990,3.25
Lesotho,1991,3.25
Lesotho,1992,2.5
Lesotho,1993,1.0
Lesotho,1994,1.0
Lesotho,1995,1.8
Lesotho,1996,1.8
Lesotho,1997,2.0
Lesotho,1998,2.6
Lesotho,1999,3.2
Lesotho,2000,2.6
Lesotho,2001,2.8
Lesotho,2002,2.8
Lesotho,2003,2.2
Lesotho,2004,2.4
Lesotho,2005,2.2
Lesotho,2006,2.0
Lesotho,2007,1.8
Lesotho,2008,1.8
Lesotho,2009,1.0
Lesotho,2010,1.0
Lesotho,2011,1.0
Lesotho,2012,1.2
Lesotho,2013,1.2
Lesotho,2014,1.2
Lesotho,2015,1.2
Lesotho,2016,1.2
Lesotho,2017,1.0
Liberia,1990,1.0
Liberia,1991,1.0
Liberia,1992,1.0
Liberia,1993,1.0
Liberia,1994,1.0
Liberia,1995,1.0
Liberia,1996,1.0
Liberia,1997,1.0
Liberia,1998,1.0
Liberia,1999,1.2
Liberia,2000,1.4
Liberia,2001,1.4
Liberia,2002,1.4
Liberia,2003,1.6
Liberia,2004,1.8
Liberia,2005,3.0
Liberia,2006,4.2
Liberia,2007,4.6
Liberia,2008,4.4
Liberia,2009,4.0
Liberia,2010,2.6
Liberia,2011,1.6
Liberia,2012,1.8
Liberia,2013,2.0
Liberia,2014,3.0
Liberia,2015,3.4
Liberia,2016,4.6
Liberia,2017,4.0
Libya,1990,4.5
Libya,1991,3.25
Libya,1992,2.75
Libya,1993,1.0
Libya,1994,1.0
Libya,1995,1.0
Libya,1996,1.0
Libya,1997,1.0
Libya,1998,1.0
Libya,1999,1.0
Libya,2000,1.0
Libya,2001,1.0
Libya,2002,1.0
Libya,2003,1.0
Libya,2004,1.0
Libya,2005,1.0
Libya,2006,1.0
Libya,2007,1.0
Libya,2008,1.0
Libya,2009,1.0
Libya,2010,1.0
Libya,2011,1.0
Libya,2012,2.2
Libya,2013,3.0
Libya,2014,3.0
Libya,2015,3.6
Libya,2016,4.0
Libya,2017,2.8
Lithuania,1990,2.25
Lithuania,1991,2.25
Lithuania,1992,1.5
Lithuania,1993,1.0
Lithuania,1994,1.0
Lithuania,1995,1.0
Lithuania,1996,1.0
Lithuania,1997,1.0
Lithuania,1998,1.0
Lithuania,1999,1.0
Lithuania,2000,3.0
Lithuania,2001,5.2
Lithuania,2002,5.2
Lithuania,2003,5.2
Lithuania,2004,5.2
Lithuania,2005,3.2
Lithuania,2006,1.0
Lithuania,2007,1.0
Lithuania,2008,1.0
Lithuania,2009,1.0
Lithuania,2010,1.0
Lithuania,2011,1.0
Lithuania,2012,1.0
Lithuania,2013,1.0
Lithuania,2014,1.0
Lithuania,2015,1.0
Lithuania,2016,1.0
Lithuania,2017,1.0
Luxembourg,1990,1.0
Luxembourg,1991,1.0
Luxembourg,1992,1.0
Luxembourg,1993,1.0
Luxembourg,1994,1.0
Luxembourg,1995,1.0
Luxembourg,1996,1.0
Luxembourg,1997,1.0
Luxembourg,1998,1.2
Luxembourg,1999,1.2
Luxembourg,2000,1.2
Luxembourg,2001,1.2
Luxembourg,2002,1.2
Luxembourg,2003,1.0
Luxembourg,2004,1.0
Luxembourg,2005,1.0
Luxembourg,2006,1.0
Luxembourg,2007,1.0
Luxembourg,2008,1.0
Luxembourg,2009,1.0
Luxembourg,2010,1.0
Luxembourg,2011,1.0
Luxembourg,2012,1.0
Luxembourg,2013,1.0
Luxembourg,2014,1.0
Luxembourg,2015,1.0
Luxembourg,2016,1.0
Luxembourg,2017,1.0
Macedonia,1992,1.0
Macedonia,1993,1.0
Macedonia,1994,1.25
Macedonia,1995,1.25
Macedonia,1996,2.5
Macedonia,1997,3.0
Macedonia,1998,3.0
Macedonia,1999,2.8
Macedonia,2000,2.8
Macedonia,2001,2.2
Macedonia,2002,2.4
Macedonia,2003,3.8
Macedonia,2004,3.8
Macedonia,2005,4.0
Macedonia,2006,4.0
Macedonia,2007,3.2
Macedonia,2008,1.8
Macedonia,2009,2.0
Macedonia,2010,1.8
Macedonia,2011,1.8
Macedonia,2012,2.2
Macedonia,2013,3.6
Macedonia,2014,4.6
Macedonia,2015,4.6
Macedonia,2016,4.4
Macedonia,2017,4.0
Madagascar,1990,3.0
Madagascar,1991,1.5
Madagascar,1992,5.5
Madagascar,1993,5.25
Madagascar,1994,5.0
Madagascar,1995,4.2
Madagascar,1996,4.2
Madagascar,1997,1.0
Madagascar,1998,1.0
Madagascar,1999,1.4
Madagascar,2000,1.4
Madagascar,2001,1.4
Madagascar,2002,1.4
Madagascar,2003,2.4
Madagascar,2004,2.0
Madagascar,2005,3.0
Madagascar,2006,3.2
Madagascar,2007,3.4
Madagascar,2008,2.8
Madagascar,2009,2.8
Madagascar,2010,3.0
Madagascar,2011,2.8
Madagascar,2012,2.6
Madagascar,2013,2.4
Madagascar,2014,2.4
Madagascar,2015,1.4
Madagascar,2016,1.4
Madagascar,2017,1.6
Malawi,1990,1.5
Malawi,1991,1.5
Malawi,1992,1.25
Malawi,1993,1.75
Malawi,1994,1.5
Malawi,1995,1.8
Malawi,1996,2.2
Malawi,1997,2.2
Malawi,1998,1.8
Malawi,1999,1.8
Malawi,2000,1.6
Malawi,2001,1.2
Malawi,2002,2.4
Malawi,2003,2.6
Malawi,2004,3.2
Malawi,2005,3.6
Malawi,2006,3.6
Malawi,2007,2.8
Malawi,2008,2.6
Malawi,2009,2.0
Malawi,2010,1.4
Malawi,2011,1.4
Malawi,2012,1.0
Malawi,2013,1.0
Malawi,2014,1.4
Malawi,2015,2.0
Malawi,2016,2.0
Malawi,2017,2.4
Malaysia,1990,2.75
Malaysia,1991,2.25
Malaysia,1992,1.5
Malaysia,1993,1.5
Malaysia,1994,1.25
Malaysia,1995,1.2
Malaysia,1996,1.6
Malaysia,1997,2.0
Malaysia,1998,2.6
Malaysia,1999,4.2
Malaysia,2000,5.6
Malaysia,2001,7.0
Malaysia,2002,7.8
Malaysia,2003,7.6
Malaysia,2004,6.4
Malaysia,2005,5.0
Malaysia,2006,3.2
Malaysia,2007,3.0
Malaysia,2008,3.6
Malaysia,2009,5.2
Malaysia,2010,6.8
Malaysia,2011,8.0
Malaysia,2012,7.4
Malaysia,2013,6.6
Malaysia,2014,4.6
Malaysia,2015,3.4
Malaysia,2016,4.6
Malaysia,2017,7.2
Mali,1990,8.5
Mali,1991,8.5
Mali,1992,8.5
Mali,1993,5.5
Mali,1994,1.75
Mali,1995,1.6
Mali,1996,1.4
Mali,1997,1.0
Mali,1998,2.2
Mali,1999,2.2
Mali,2000,2.2
Mali,2001,2.4
Mali,2002,2.4
Mali,2003,1.2
Mali,2004,1.2
Mali,2005,1.2
Mali,2006,1.0
Mali,2007,1.0
Mali,2008,1.2
Mali,2009,1.4
Mali,2010,1.4
Mali,2011,1.4
Mali,2012,1.6
Mali,2013,2.2
Mali,2014,2.2
Mali,2015,2.2
Mali,2016,2.2
Mali,2017,2.6
Mauritania,1990,2.0
Mauritania,1991,1.75
Mauritania,1992,2.0
Mauritania,1993,3.0
Mauritania,1994,2.25
Mauritania,1995,2.0
Mauritania,1996,2.0
Mauritania,1997,1.8
Mauritania,1998,1.0
Mauritania,1999,1.0
Mauritania,2000,1.4
Mauritania,2001,2.2
Mauritania,2002,2.2
Mauritania,2003,2.2
Mauritania,2004,2.8
Mauritania,2005,3.2
Mauritania,2006,3.2
Mauritania,2007,3.2
Mauritania,2008,3.4
Mauritania,2009,4.2
Mauritania,2010,5.4
Mauritania,2011,4.6
Mauritania,2012,4.6
Mauritania,2013,6.6
Mauritania,2014,5.8
Mauritania,2015,3.8
Mauritania,2016,4.0
Mauritania,2017,5.0
Mauritius,1990,3.25
Mauritius,1991,2.5
Mauritius,1992,2.5
Mauritius,1993,2.25
Mauritius,1994,1.0
Mauritius,1995,1.0
Mauritius,1996,1.0
Mauritius,1997,1.0
Mauritius,1998,1.0
Mauritius,1999,1.0
Mauritius,2000,1.2
Mauritius,2001,1.8
Mauritius,2002,1.8
Mauritius,2003,1.8
Mauritius,2004,1.8
Mauritius,2005,1.6
Mauritius,2006,1.0
Mauritius,2007,1.0
Mauritius,2008,1.0
Mauritius,2009,1.0
Mauritius,2010,1.0
Mauritius,2011,1.0
Mauritius,2012,1.0
Mauritius,2013,1.0
Mauritius,2014,1.0
Mauritius,2015,1.0
Mauritius,2016,1.0
Mauritius,2017,1.0
Mexico,1990,1.0
Mexico,1991,2.0
Mexico,1992,2.75
Mexico,1993,3.75
Mexico,1994,3.75
Mexico,1995,5.4
Mexico,1996,6.4
Mexico,1997,6.8
Mexico,1998,6.4
Mexico,1999,7.8
Mexico,2000,6.2
Mexico,2001,5.8
Mexico,2002,5.2
Mexico,2003,4.8
Mexico,2004,3.6
Mexico,2005,3.4
Mexico,2006,2.2
Mexico,2007,3.0
Mexico,2008,3.8
Mexico,2009,4.0
Mexico,2010,4.4
Mexico,2011,4.2
Mexico,2012,3.2
Mexico,2013,2.6
Mexico,2014,2.6
Mexico,2015,4.6
Mexico,2016,7.0
Mexico,2017,7.6
Moldova,1991,9.0
Moldova,1992,10.0
Moldova,1993,6.5
Moldova,1994,3.75
Moldova,1995,2.75
Moldova,1996,4.2
Moldova,1997,3.0
Moldova,1998,3.0
Moldova,1999,3.2
Moldova,2000,3.4
Moldova,2001,3.0
Moldova,2002,3.0
Moldova,2003,4.4
Moldova,2004,5.6
Moldova,2005,6.6
Moldova,2006,5.2
Moldova,2007,5.2
Moldova,2008,3.8
Moldova,2009,2.2
Moldova,2010,1.8
Moldova,2011,1.8
Moldova,2012,1.8
Moldova,2013,2.0
Moldova,2014,2.2
Moldova,2015,1.4
Moldova,2016,4.0
Moldova,2017,7.0
Mongolia,1990,8.25
Mongolia,1991,10.75
Mongolia,1992,11.25
Mongolia,1993,8.0
Mongolia,1994,4.25
Mongolia,1995,3.8
Mongolia,1996,1.6
Mongolia,1997,1.2
Mongolia,1998,1.2
Mongolia,1999,1.4
Mongolia,2000,1.2
Mongolia,2001,1.2
Mongolia,2002,1.2
Mongolia,2003,1.2
Mongolia,2004,1.0
Mongolia,2005,1.0
Mongolia,2006,2.0
Mongolia,2007,3.6
Mongolia,2008,3.6
Mongolia,2009,4.2
Mongolia,2010,4.2
Mongolia,2011,3.2
Mongolia,2012,1.6
Mongolia,2013,1.6
Mongolia,2014,1.0
Mongolia,2015,1.0
Mongolia,2016,1.0
Mongolia,2017,1.0
Montenegro,2006,1.0
Montenegro,2007,1.0
Montenegro,2008,1.0
Montenegro,2009,1.0
Montenegro,2010,1.0
Montenegro,2011,1.0
Montenegro,2012,1.0
Montenegro,2013,1.2
Montenegro,2014,1.2
Montenegro,2015,1.6
Montenegro,2016,1.6
Montenegro,2017,1.6
Morocco,1990,1.5
Morocco,1991,1.5
Morocco,1992,1.0
Morocco,1993,1.0
Morocco,1994,1.0
Morocco,1995,1.0
Morocco,1996,1.0
Morocco,1997,1.0
Morocco,1998,1.0
Morocco,1999,1.0
Morocco,2000,1.0
Morocco,2001,1.4
Morocco,2002,1.4
Morocco,2003,1.4
Morocco,2004,1.4
Morocco,2005,1.4
Morocco,2006,1.0
Morocco,2007,1.0
Morocco,2008,1.0
Morocco,2009,1.0
Morocco,2010,1.0
Morocco,2011,1.0
Morocco,2012,2.0
Morocco,2013,2.0
Morocco,2014,2.4
Morocco,2015,2.8
Morocco,2016,2.8
Morocco,2017,1.8
Mozambique,1990,2.0
Mozambique,1991,1.75
Mozambique,1992,1.25
Mozambique,1993,2.5
Mozambique,1994,3.25
Mozambique,1995,3.8
Mozambique,1996,4.0
Mozambique,1997,4.0
Mozambique,1998,3.2
Mozambique,1999,2.6
Mozambique,2000,1.6
Mozambique,2001,1.2
Mozambique,2002,1.2
Mozambique,2003,1.0
Mozambique,2004,1.2
Mozambique,2005,1.6
Mozambique,2006,1.6
Mozambique,2007,1.6
Mozambique,2008,1.6
Mozambique,2009,1.6
Mozambique,2010,1.2
Mozambique,2011,1.8
Mozambique,2012,2.4
Mozambique,2013,3.2
Mozambique,2014,4.4
Mozambique,2015,5.4
Mozambique,2016,5.6
Mozambique,2017,5.4
Myanmar,1990,5.5
Myanmar,1991,4.25
Myanmar,1992,3.25
Myanmar,1993,2.25
Myanmar,1994,1.75
Myanmar,1995,1.6
Myanmar,1996,1.2
Myanmar,1997,2.4
Myanmar,1998,2.4
Myanmar,1999,2.6
Myanmar,2000,2.6
Myanmar,2001,2.6
Myanmar,2002,1.2
Myanmar,2003,1.2
Myanmar,2004,1.0
Myanmar,2005,1.0
Myanmar,2006,1.0
Myanmar,2007,1.0
Myanmar,2008,5.0
Myanmar,2009,5.0
Myanmar,2010,5.0
Myanmar,2011,5.0
Myanmar,2012,5.0
Myanmar,2013,1.2
Myanmar,2014,1.2
Myanmar,2015,4.2
Myanmar,2016,4.8
Myanmar,2017,5.6
Namibia,1990,6.5
Namibia,1991,6.5
Namibia,1992,3.0
Namibia,1993,2.25
Namibia,1994,1.25
Namibia,1995,1.2
Namibia,1996,1.2
Namibia,1997,1.0
Namibia,1998,3.0
Namibia,1999,4.6
Namibia,2000,6.4
Namibia,2001,7.4
Namibia,2002,8.4
Namibia,2003,7.2
Namibia,2004,6.8
Namibia,2005,7.0
Namibia,2006,10.4
Namibia,2007,11.8
Namibia,2008,11.0
Namibia,2009,9.8
Namibia,2010,7.8
Namibia,2011,6.6
Namibia,2012,7.2
Namibia,2013,10.6
Namibia,2014,13.0
Namibia,2015,15.0
Namibia,2016,14.2
Namibia,2017,15.2
Nepal,1990,14.5
Nepal,1991,16.25
Nepal,1992,14.0
Nepal,1993,12.0
Nepal,1994,8.25
Nepal,1995,8.6
Nepal,1996,5.6
Nepal,1997,6.2
Nepal,1998,7.6
Nepal,1999,7.6
Nepal,2000,6.6
Nepal,2001,9.0
Nepal,2002,8.8
Nepal,2003,7.4
Nepal,2004,7.2
Nepal,2005,6.6
Nepal,2006,6.2
Nepal,2007,10.0
Nepal,2008,10.2
Nepal,2009,10.2
Nepal,2010,11.6
Nepal,2011,9.2
Nepal,2012,5.2
Nepal,2013,5.2
Nepal,2014,5.2
Nepal,2015,3.6
Nepal,2016,6.6
Nepal,2017,6.6
Netherlands,1990,6.75
Netherlands,1991,5.75
Netherlands,1992,5.75
Netherlands,1993,1.5
Netherlands,1994,1.25
Netherlands,1995,1.2
Netherlands,1996,1.2
Netherlands,1997,1.2
Netherlands,1998,1.2
Netherlands,1999,1.0
Netherlands,2000,1.0
Netherlands,2001,1.2
Netherlands,2002,1.4
Netherlands,2003,1.4
Netherlands,2004,1.4
Netherlands,2005,1.4
Netherlands,2006,1.2
Netherlands,2007,1.0
Netherlands,2008,1.0
Netherlands,2009,1.0
Netherlands,2010,1.0
Netherlands,2011,1.0
Netherlands,2012,1.0
Netherlands,2013,1.0
Netherlands,2014,1.0
Netherlands,2015,1.0
Netherlands,2016,1.0
Netherlands,2017,1.0
Nicaragua,1990,1.0
Nicaragua,1991,1.25
Nicaragua,1992,1.25
Nicaragua,1993,2.25
Nicaragua,1994,2.75
Nicaragua,1995,3.2
Nicaragua,1996,3.6
Nicaragua,1997,3.8
Nicaragua,1998,3.6
Nicaragua,1999,3.6
Nicaragua,2000,3.4
Nicaragua,2001,3.4
Nicaragua,2002,3.2
Nicaragua,2003,2.8
Nicaragua,2004,2.6
Nicaragua,2005,2.2
Nicaragua,2006,2.6
Nicaragua,2007,3.0
Nicaragua,2008,2.8
Nicaragua,2009,2.8
Nicaragua,2010,2.6
Nicaragua,2011,1.6
Nicaragua,2012,1.4
Nicaragua,2013,1.4
Nicaragua,2014,1.2
Nicaragua,2015,1.4
Nicaragua,2016,1.8
Nicaragua,2017,1.8
Niger,1990,2.0
Niger,1991,2.75
Niger,1992,2.5
Niger,1993,2.5
Niger,1994,3.0
Niger,1995,4.8
Niger,1996,5.2
Niger,1997,5.8
Niger,1998,6.0
Niger,1999,7.2
Niger,2000,5.6
Niger,2001,5.4
Niger,2002,7.0
Niger,2003,7.6
Niger,2004,6.0
Niger,2005,5.4
Niger,2006,5.2
Niger,2007,3.8
Niger,2008,2.8
Niger,2009,2.8
Niger,2010,4.8
Niger,2011,4.2
Niger,2012,3.4
Niger,2013,3.2
Niger,2014,3.0
Niger,2015,1.0
Niger,2016,1.0
Niger,2017,1.0
Nigeria,1990,1.0
Nigeria,1991,1.0
Nigeria,1992,1.0
Nigeria,1993,1.25
Nigeria,1994,1.25
Nigeria,1995,3.0
Nigeria,1996,3.0
Nigeria,1997,3.0
Nigeria,1998,2.8
Nigeria,1999,3.0
Nigeria,2000,1.2
Nigeria,2001,1.4
Nigeria,2002,1.6
Nigeria,2003,1.6
Nigeria,2004,1.4
Nigeria,2005,1.6
Nigeria,2006,1.6
Nigeria,2007,1.4
Nigeria,2008,1.4
Nigeria,2009,1.4
Nigeria,2010,1.2
Nigeria,2011,1.2
Nigeria,2012,1.2
Nigeria,2013,1.4
Nigeria,2014,1.4
Nigeria,2015,1.6
Nigeria,2016,1.6
Nigeria,2017,13.0
North Korea,1990,15.75
North Korea,1991,15.75
North Korea,1992,15.5
North Korea,1993,15.25
North Korea,1994,1.0
North Korea,1995,1.0
North Korea,1996,1.0
North Korea,1997,1.2
North Korea,1998,1.2
North Korea,1999,1.2
North Korea,2000,1.2
North Korea,2001,1.2
North Korea,2002,1.0
North Korea,2003,1.0
North Korea,2004,1.0
North Korea,2005,1.0
North Korea,2006,1.0
North Korea,2007,1.0
North Korea,2008,1.0
North Korea,2009,1.0
North Korea,2010,1.0
North Korea,2011,1.0
North Korea,2012,1.0
North Korea,2013,1.0
North Korea,2014,1.0
North Korea,2015,1.0
North Korea,2016,1.0
North Korea,2017,1.0
Norway,1990,1.0
Norway,1991,1.0
Norway,1992,1.0
Norway,1993,1.0
Norway,1994,1.0
Norway,1995,1.0
Norway,1996,1.0
Norway,1997,1.0
Norway,1998,1.0
Norway,1999,1.0
Norway,2000,1.0
Norway,2001,1.2
Norway,2002,1.2
Norway,2003,1.2
Norway,2004,1.2
Norway,2005,1.2
Norway,2006,1.0
Norway,2007,1.0
Norway,2008,1.0
Norway,2009,1.0
Norway,2010,1.0
Norway,2011,1.0
Norway,2012,1.0
Norway,2013,1.0
Norway,2014,1.0
Norway,2015,1.0
Norway,2016,1.0
Norway,2017,1.0
Oman,1990,1.0
Oman,1991,1.0
Oman,1992,1.0
Oman,1993,1.0
Oman,1994,1.0
Oman,1995,1.0
Oman,1996,1.0
Oman,1997,1.0
Oman,1998,1.0
Oman,1999,1.0
Oman,2000,1.0
Oman,2001,1.0
Oman,2002,1.0
Oman,2003,1.0
Oman,2004,1.0
Oman,2005,1.0
Oman,2006,1.0
Oman,2007,1.0
Oman,2008,1.0
Oman,2009,1.0
Oman,2010,1.0
Oman,2011,1.0
Oman,2012,5.0
Oman,2013,5.2
Oman,2014,5.4
Oman,2015,5.4
Oman,2016,5.4
Oman,2017,1.4
Pakistan,1990,1.25
Pakistan,1991,2.0
Pakistan,1992,2.5
Pakistan,1993,3.5
Pakistan,1994,3.5
Pakistan,1995,3.4
Pakistan,1996,3.0
Pakistan,1997,3.2
Pakistan,1998,2.6
Pakistan,1999,3.6
Pakistan,2000,4.0
Pakistan,2001,3.6
Pakistan,2002,5.2
Pakistan,2003,5.6
Pakistan,2004,5.2
Pakistan,2005,4.8
Pakistan,2006,6.2
Pakistan,2007,5.2
Pakistan,2008,8.4
Pakistan,2009,9.4
Pakistan,2010,9.6
Pakistan,2011,9.4
Pakistan,2012,10.4
Pakistan,2013,7.6
Pakistan,2014,7.4
Pakistan,2015,8.0
Pakistan,2016,7.2
Pakistan,2017,5.2
Panama,1990,5.0
Panama,1991,3.25
Panama,1992,1.75
Panama,1993,1.75
Panama,1994,2.25
Panama,1995,2.0
Panama,1996,2.2
Panama,1997,2.4
Panama,1998,2.0
Panama,1999,2.0
Panama,2000,2.0
Panama,2001,2.0
Panama,2002,1.8
Panama,2003,1.8
Panama,2004,1.8
Panama,2005,1.8
Panama,2006,2.0
Panama,2007,2.2
Panama,2008,2.4
Panama,2009,1.8
Panama,2010,1.8
Panama,2011,1.6
Panama,2012,2.2
Panama,2013,2.6
Panama,2014,2.8
Panama,2015,2.8
Panama,2016,2.6
Panama,2017,1.8
Papua New Guinea,1990,1.25
Papua New Guinea,1991,1.5
Papua New Guinea,1992,1.75
Papua New Guinea,1993,1.75
Papua New Guinea,1994,1.75
Papua New Guinea,1995,1.6
Papua New Guinea,1996,1.2
Papua New Guinea,1997,1.0
Papua New Guinea,1998,1.2
Papua New Guinea,1999,1.2
Papua New Guinea,2000,1.2
Papua New Guinea,2001,1.4
Papua New Guinea,2002,2.2
Papua New Guinea,2003,2.0
Papua New Guinea,2004,2.0
Papua New Guinea,2005,2.2
Papua New Guinea,2006,2.8
Papua New Guinea,2007,2.0
Papua New Guinea,2008,2.0
Papua New Guinea,2009,2.0
Papua New Guinea,2010,1.8
Papua New Guinea,2011,1.2
Papua New Guinea,2012,1.2
Papua New Guinea,2013,1.6
Papua New Guinea,2014,1.6
Papua New Guinea,2015,1.6
Papua New Guinea,2016,1.4
Papua New Guinea,2017,1.4
Paraguay,1990,1.0
Paraguay,1991,1.0
Paraguay,1992,1.0
Paraguay,1993,1.0
Paraguay,1994,1.0
Paraguay,1995,1.4
Paraguay,1996,1.6
Paraguay,1997,2.6
Paraguay,1998,2.6
Paraguay,1999,2.6
Paraguay,2000,2.4
Paraguay,2001,2.4
Paraguay,2002,2.8
Paraguay,2003,3.4
Paraguay,2004,3.6
Paraguay,2005,4.2
Paraguay,2006,4.2
Paraguay,2007,2.8
Paraguay,2008,2.4
Paraguay,2009,3.0
Paraguay,2010,2.8
Paraguay,2011,2.8
Paraguay,2012,2.8
Paraguay,2013,2.8
Paraguay,2014,2.4
Paraguay,2015,1.8
Paraguay,2016,2.0
Paraguay,2017,2.0
Peru,1990,2.0
Peru,1991,3.0
Peru,1992,4.5
Peru,1993,4.5
Peru,1994,4.75
Peru,1995,4.6
Peru,1996,3.6
Peru,1997,3.0
Peru,1998,3.8
Peru,1999,5.2
Peru,2000,6.0
Peru,2001,7.2
Peru,2002,7.2
Peru,2003,7.8
Peru,2004,7.8
Peru,2005,8.2
Peru,2006,7.2
Peru,2007,7.0
Peru,2008,6.6
Peru,2009,7.4
Peru,2010,7.0
Peru,2011,7.6
Peru,2012,8.0
Peru,2013,7.8
Peru,2014,5.4
Peru,2015,4.6
Peru,2016,3.6
Peru,2017,3.2
Philippines,1990,2.25
Philippines,1991,3.25
Philippines,1992,3.0
Philippines,1993,3.0
Philippines,1994,2.5
Philippines,1995,2.2
Philippines,1996,1.8
Philippines,1997,2.0
Philippines,1998,2.0
Philippines,1999,2.0
Philippines,2000,2.0
Philippines,2001,2.8
Philippines,2002,2.6
Philippines,2003,2.6
Philippines,2004,2.6
Philippines,2005,2.6
Philippines,2006,1.8
Philippines,2007,1.4
Philippines,2008,1.4
Philippines,2009,1.6
Philippines,2010,1.6
Philippines,2011,1.2
Philippines,2012,1.2
Philippines,2013,1.2
Philippines,2014,1.4
Philippines,2015,2.6
Philippines,2016,3.0
Philippines,2017,3.2
Poland,1990,3.75
Poland,1991,4.0
Poland,1992,2.75
Poland,1993,2.75
Poland,1994,2.5
Poland,1995,2.4
Poland,1996,2.6
Poland,1997,6.4
Poland,1998,8.4
Poland,1999,11.4
Poland,2000,11.4
Poland,2001,10.8
Poland,2002,6.8
Poland,2003,5.0
Poland,2004,2.4
Poland,2005,2.2
Poland,2006,2.0
Poland,2007,2.0
Poland,2008,1.6
Poland,2009,1.2
Poland,2010,1.2
Poland,2011,1.4
Poland,2012,1.4
Poland,2013,1.6
Poland,2014,2.0
Poland,2015,2.0
Poland,2016,2.2
Poland,2017,3.8
Portugal,1990,4.0
Portugal,1991,3.5
Portugal,1992,3.5
Portugal,1993,3.0
Portugal,1994,1.0
Portugal,1995,1.2
Portugal,1996,1.6
Portugal,1997,1.6
Portugal,1998,1.6
Portugal,1999,1.6
Portugal,2000,1.4
Portugal,2001,1.0
Portugal,2002,1.0
Portugal,2003,1.0
Portugal,2004,1.0
Portugal,2005,1.0
Portugal,2006,1.0
Portugal,2007,1.0
Portugal,2008,1.4
Portugal,2009,1.6
Portugal,2010,1.6
Portugal,2011,1.8
Portugal,2012,1.8
Portugal,2013,2.4
Portugal,2014,2.4
Portugal,2015,2.4
Portugal,2016,2.2
Portugal,2017,2.2
Qatar,1990,1.25
Qatar,1991,1.0
Qatar,1992,1.0
Qatar,1993,1.0
Qatar,1994,1.0
Qatar,1995,1.0
Qatar,1996,1.0
Qatar,1997,1.0
Qatar,1998,1.0
Qatar,1999,1.0
Qatar,2000,1.0
Qatar,2001,1.0
Qatar,2002,1.0
Qatar,2003,1.0
Qatar,2004,1.0
Qatar,2005,1.0
Qatar,2006,1.0
Qatar,2007,1.0
Qatar,2008,1.0
Qatar,2009,1.0
Qatar,2010,1.0
Qatar,2011,1.0
Qatar,2012,1.0
Qatar,2013,1.0
Qatar,2014,1.0
Qatar,2015,1.0
Qatar,2016,1.0
Qatar,2017,1.0
Romania,1990,1.0
Romania,1991,16.5
Romania,1992,19.75
Romania,1993,19.75
Romania,1994,21.75
Romania,1995,19.4
Romania,1996,10.8
Romania,1997,8.2
Romania,1998,8.2
Romania,1999,7.2
Romania,2000,6.6
Romania,2001,3.0
Romania,2002,3.2
Romania,2003,3.6
Romania,2004,3.2
Romania,2005,2.6
Romania,2006,2.4
Romania,2007,2.2
Romania,2008,1.8
Romania,2009,1.6
Romania,2010,1.0
Romania,2011,1.8
Romania,2012,1.8
Romania,2013,1.8
Romania,2014,3.2
Romania,2015,3.4
Romania,2016,3.2
Romania,2017,3.2
Russia,1992,3.75
Russia,1993,4.5
Russia,1994,5.75
Russia,1995,6.0
Russia,1996,7.0
Russia,1997,6.8
Russia,1998,4.8
Russia,1999,4.8
Russia,2000,4.2
Russia,2001,3.8
Russia,2002,3.2
Russia,2003,3.2
Russia,2004,2.0
Russia,2005,2.6
Russia,2006,4.4
Russia,2007,4.6
Russia,2008,5.8
Russia,2009,6.4
Russia,2010,6.4
Russia,2011,7.2
Russia,2012,8.6
Russia,2013,11.0
Russia,2014,11.8
Russia,2015,12.8
Russia,2016,10.6
Russia,2017,9.8
Rwanda,1990,7.5
Rwanda,1991,5.75
Rwanda,1992,3.5
Rwanda,1993,3.0
Rwanda,1994,2.0
Rwanda,1995,1.8
Rwanda,1996,1.8
Rwanda,1997,1.8
Rwanda,1998,1.4
Rwanda,1999,1.0
Rwanda,2000,1.0
Rwanda,2001,1.0
Rwanda,2002,1.0
Rwanda,2003,1.0
Rwanda,2004,1.0
Rwanda,2005,1.0
Rwanda,2006,1.0
Rwanda,2007,1.0
Rwanda,2008,1.0
Rwanda,2009,1.0
Rwanda,2010,1.0
Rwanda,2011,1.0
Rwanda,2012,1.0
Rwanda,2013,1.0
Rwanda,2014,1.0
Rwanda,2015,1.2
Rwanda,2016,1.2
Rwanda,2017,1.2
Saudi Arabia,1990,1.25
Saudi Arabia,1991,1.25
Saudi Arabia,1992,1.0
Saudi Arabia,1993,1.0
Saudi Arabia,1994,1.0
Saudi Arabia,1995,1.0
Saudi Arabia,1996,1.0
Saudi Arabia,1997,1.0
Saudi Arabia,1998,1.0
Saudi Arabia,1999,1.0
Saudi Arabia,2000,1.0
Saudi Arabia,2001,1.0
Saudi Arabia,2002,1.0
Saudi Arabia,2003,1.0
Saudi Arabia,2004,1.4
Saudi Arabia,2005,1.4
Saudi Arabia,2006,1.4
Saudi Arabia,2007,1.4
Saudi Arabia,2008,1.4
Saudi Arabia,2009,1.2
Saudi Arabia,2010,1.2
Saudi Arabia,2011,1.2
Saudi Arabia,2012,2.4
Saudi Arabia,2013,2.8
Saudi Arabia,2014,2.8
Saudi Arabia,2015,2.8
Saudi Arabia,2016,2.8
Saudi Arabia,2017,1.6
Senegal,1990,1.25
Senegal,1991,1.0
Senegal,1992,1.0
Senegal,1993,1.0
Senegal,1994,2.0
Senegal,1995,1.8
Senegal,1996,1.8
Senegal,1997,1.8
Senegal,1998,1.8
Senegal,1999,1.0
Senegal,2000,1.0
Senegal,2001,1.0
Senegal,2002,1.8
Senegal,2003,1.8
Senegal,2004,1.8
Senegal,2005,1.8
Senegal,2006,1.8
Senegal,2007,1.0
Senegal,2008,1.0
Senegal,2009,1.0
Senegal,2010,1.4
Senegal,2011,2.6
Senegal,2012,3.4
Senegal,2013,4.4
Senegal,2014,4.6
Senegal,2015,4.4
Senegal,2016,3.2
Senegal,2017,2.4
Serbia,2006,1.5
Serbia,2007,1.25
Serbia,2008,1.0
Serbia,2009,1.0
Serbia,2010,1.0
Serbia,2011,1.0
Serbia,2012,1.0
Serbia,2013,1.0
Serbia,2014,1.0
Serbia,2015,1.0
Serbia,2016,1.0
Serbia,2017,1.0
Serbia and Montenegro,2003,1.0
Serbia and Montenegro,2004,1.25
Serbia and Montenegro,2005,1.25
Serbia and Montenegro,2006,1.25
Sierra Leone,1990,1.3333333333333333
Sierra Leone,1991,1.25
Sierra Leone,1992,1.0
Sierra Leone,1993,1.0
Sierra Leone,1994,1.0
Sierra Leone,1995,1.0
Sierra Leone,1996,1.0
Sierra Leone,1997,1.2
Sierra Leone,1998,1.6
Sierra Leone,1999,1.6
Sierra Leone,2000,1.6
Sierra Leone,2001,1.6
Sierra Leone,2002,1.4
Sierra Leone,2003,1.0
Sierra Leone,2004,1.0
Sierra Leone,2005,1.0
Sierra Leone,2006,1.2
Sierra Leone,2007,1.4
Sierra Leone,2008,1.4
Sierra Leone,2009,1.4
Sierra Leone,2010,1.4
Sierra Leone,2011,1.4
Sierra Leone,2012,1.8
Sierra Leone,2013,1.8
Sierra Leone,2014,1.8
Sierra Leone,2015,1.8
Sierra Leone,2016,1.8
Sierra Leone,2017,2.4
Singapore,1990,2.75
Singapore,1991,2.75
Singapore,1992,2.75
Singapore,1993,2.5
Singapore,1994,1.0
Singapore,1995,1.0
Singapore,1996,1.0
Singapore,1997,1.0
Singapore,1998,1.0
Singapore,1999,1.0
Singapore,2000,1.0
Singapore,2001,1.0
Singapore,2002,1.0
Singapore,2003,1.0
Singapore,2004,1.0
Singapore,2005,1.0
Singapore,2006,1.0
Singapore,2007,1.0
Singapore,2008,1.0
Singapore,2009,1.0
Singapore,2010,1.0
Singapore,2011,1.0
Singapore,2012,1.0
Singapore,2013,1.2
Singapore,2014,1.2
Singapore,2015,2.0
Singapore,2016,2.4
Singapore,2017,2.4
Slovak Republic,1993,2.5
Slovak Republic,1994,2.5
Slovak Republic,1995,1.75
Slovak Republic,1996,1.75
Slovak Republic,1997,2.5
Slovak Republic,1998,2.8
Slovak Republic,1999,2.8
Slovak Republic,2000,2.6
Slovak Republic,2001,2.2
Slovak Republic,2002,2.0
Slovak Republic,2003,1.4
Slovak Republic,2004,1.4
Slovak Republic,2005,1.8
Slovak Republic,2006,1.8
Slovak Republic,2007,1.4
Slovak Republic,2008,1.4
Slovak Republic,2009,1.4
Slovak Republic,2010,1.0
Slovak Republic,2011,1.0
Slovak Republic,2012,1.0
Slovak Republic,2013,1.0
Slovak Republic,2014,1.0
Slovak Republic,2015,1.0
Slovak Republic,2016,1.2
Slovak Republic,2017,1.2
Slovenia,1991,1.25
Slovenia,1992,1.25
Slovenia,1993,1.25
Slovenia,1994,1.0
Slovenia,1995,1.0
Slovenia,1996,1.0
Slovenia,1997,1.0
Slovenia,1998,1.4
Slovenia,1999,1.4
Slovenia,2000,1.4
Slovenia,2001,1.4
Slovenia,2002,1.4
Slovenia,2003,1.0
Slovenia,2004,1.0
Slovenia,2005,1.0
Slovenia,2006,1.2
Slovenia,2007,1.2
Slovenia,2008,1.4
Slovenia,2009,1.4
Slovenia,2010,1.4
Slovenia,2011,1.2
Slovenia,2012,1.2
Slovenia,2013,1.2
Slovenia,2014,2.2
Slovenia,2015,2.2
Slovenia,2016,2.2
Slovenia,2017,2.2
Somalia,1990,2.25
Somalia,1991,1.5
Somalia,1992,1.5
Somalia,1993,1.5
Somalia,1994,1.5
Somalia,1995,1.4
Somalia,1996,1.0
Somalia,1997,1.6
Somalia,1998,1.8
Somalia,1999,1.8
Somalia,2000,1.8
Somalia,2001,1.8
Somalia,2002,1.2
Somalia,2003,1.0
Somalia,2004,1.0
Somalia,2005,1.0
Somalia,2006,1.0
Somalia,2007,1.8
Somalia,2008,1.8
Somalia,2009,1.8
Somalia,2010,1.8
Somalia,2011,1.8
Somalia,2012,1.2
Somalia,2013,1.2
Somalia,2014,1.2
Somalia,2015,1.2
Somalia,2016,1.2
Somalia,2017,1.0
South Africa,1990,1.0
South Africa,1991,7.0
South Africa,1992,10.0
South Africa,1993,14.5
South Africa,1994,17.0
South Africa,1995,16.6
South Africa,1996,12.6
South Africa,1997,11.4
South Africa,1998,8.0
South Africa,1999,6.2
South Africa,2000,3.4
South Africa,2001,2.8
South Africa,2002,2.4
South Africa,2003,2.4
South Africa,2004,2.6
South Africa,2005,2.8
South Africa,2006,2.8
South Africa,2007,2.0
South Africa,2008,2.2
South Africa,2009,2.4
South Africa,2010,3.0
South Africa,2011,3.2
South Africa,2012,3.4
South Africa,2013,3.4
South Africa,2014,3.6
South Africa,2015,3.4
South Africa,2016,4.4
South Africa,2017,6.0
South Korea,1990,6.75
South Korea,1991,11.75
South Korea,1992,15.25
South Korea,1993,15.75
South Korea,1994,15.25
South Korea,1995,14.0
South Korea,1996,10.4
South Korea,1997,8.6
South Korea,1998,9.8
South Korea,1999,10.6
South Korea,2000,12.6
South Korea,2001,16.8
South Korea,2002,18.2
South Korea,2003,17.6
South Korea,2004,20.4
South Korea,2005,22.8
South Korea,2006,20.2
South Korea,2007,20.4
South Korea,2008,20.0
South Korea,2009,17.6
South Korea,2010,13.2
South Korea,2011,10.4
South Korea,2012,7.6
South Korea,2013,5.6
South Korea,2014,3.0
South Korea,2015,2.0
South Korea,2016,4.0
South Korea,2017,4.0
South Sudan,2011,4.75
South Sudan,2012,4.75
South Sudan,2013,4.0
South Sudan,2014,1.5
South Sudan,2015,1.0
South Sudan,2016,1.0
South Sudan,2017,1.0
Spain,1990,1.0
Spain,1991,1.75
Spain,1992,2.25
Spain,1993,3.25
Spain,1994,3.25
Spain,1995,3.0
Spain,1996,3.2
Spain,1997,3.6
Spain,1998,3.4
Spain,1999,3.4
Spain,2000,3.6
Spain,2001,3.2
Spain,2002,3.2
Spain,2003,3.4
Spain,2004,3.8
Spain,2005,3.6
Spain,2006,3.8
Spain,2007,3.0
Spain,2008,2.6
Spain,2009,2.4
Spain,2010,2.6
Spain,2011,2.4
Spain,2012,2.8
Spain,2013,6.2
Spain,2014,6.8
Spain,2015,8.0
Spain,2016,7.6
Spain,2017,8.6
Sri Lanka,1990,5.75
Sri Lanka,1991,4.75
Sri Lanka,1992,2.75
Sri Lanka,1993,3.5
Sri Lanka,1994,1.75
Sri Lanka,1995,2.0
Sri Lanka,1996,2.0
Sri Lanka,1997,2.0
Sri Lanka,1998,1.6
Sri Lanka,1999,1.6
Sri Lanka,2000,1.6
Sri Lanka,2001,1.6
Sri Lanka,2002,2.4
Sri Lanka,2003,2.2
Sri Lanka,2004,2.4
Sri Lanka,2005,2.0
Sri Lanka,2006,2.8
Sri Lanka,2007,2.0
Sri Lanka,2008,2.0
Sri Lanka,2009,1.8
Sri Lanka,2010,1.8
Sri Lanka,2011,1.4
Sri Lanka,2012,1.4
Sri Lanka,2013,1.6
Sri Lanka,2014,2.6
Sri Lanka,2015,7.0
Sri Lanka,2016,7.0
Sri Lanka,2017,7.0
Sudan,1990,8.25
Sudan,1991,7.0
Sudan,1992,1.5
Sudan,1993,1.0
Sudan,1994,1.0
Sudan,1995,1.0
Sudan,1996,1.0
Sudan,1997,1.0
Sudan,1998,1.0
Sudan,1999,1.0
Sudan,2000,1.0
Sudan,2001,1.0
Sudan,2002,1.0
Sudan,2003,1.0
Sudan,2004,1.0
Sudan,2005,1.0
Sudan,2006,1.2
Sudan,2007,1.2
Sudan,2008,1.2
Sudan,2009,1.2
Sudan,2010,1.8
Sudan,2011,1.6
Sudan,2012,1.6
Sudan,2013,2.4
Sudan,2014,2.4
Sudan,2015,3.2
Sudan,2016,3.2
Sudan,2017,3.8
Suriname,1990,3.5
Suriname,1991,4.25
Suriname,1992,2.5
Suriname,1993,2.5
Suriname,1994,1.75
Suriname,1995,2.2
Suriname,1996,1.6
Suriname,1997,1.6
Suriname,1998,1.6
Suriname,1999,3.2
Suriname,2000,5.0
Suriname,2001,5.0
Suriname,2002,5.0
Suriname,2003,5.6
Suriname,2004,4.0
Suriname,2005,1.6
Suriname,2006,1.6
Suriname,2007,1.6
Suriname,2008,1.8
Suriname,2009,2.0
Suriname,2010,2.0
Suriname,2011,2.0
Suriname,2012,2.0
Suriname,2013,1.2
Suriname,2014,1.0
Suriname,2015,1.0
Suriname,2016,1.0
Suriname,2017,1.0
Swaziland,1990,1.0
Swaziland,1991,1.0
Swaziland,1992,1.0
Swaziland,1993,1.0
Swaziland,1994,1.0
Swaziland,1995,1.0
Swaziland,1996,1.0
Swaziland,1997,2.8
Swaziland,1998,4.2
Swaziland,1999,4.2
Swaziland,2000,4.2
Swaziland,2001,5.0
Swaziland,2002,3.2
Swaziland,2003,2.2
Swaziland,2004,2.8
Swaziland,2005,3.4
Swaziland,2006,3.6
Swaziland,2007,3.8
Swaziland,2008,3.6
Swaziland,2009,4.0
Swaziland,2010,3.6
Swaziland,2011,3.0
Swaziland,2012,5.0
Swaziland,2013,7.4
Swaziland,2014,7.2
Swaziland,2015,7.0
Swaziland,2016,6.6
Swaziland,2017,4.4
Sweden,1990,2.0
Sweden,1991,1.0
Sweden,1992,1.0
Sweden,1993,1.0
Sweden,1994,1.0
Sweden,1995,1.0
Sweden,1996,1.0
Sweden,1997,1.0
Sweden,1998,1.0
Sweden,1999,1.0
Sweden,2000,1.0
Sweden,2001,1.0
Sweden,2002,1.0
Sweden,2003,1.0
Sweden,2004,1.0
Sweden,2005,1.0
Sweden,2006,1.0
Sweden,2007,1.0
Sweden,2008,1.0
Sweden,2009,1.0
Sweden,2010,1.0
Sweden,2011,1.2
Sweden,2012,1.2
Sweden,2013,1.2
Sweden,2014,1.2
Sweden,2015,1.2
Sweden,2016,1.0
Sweden,2017,1.2
Switzerland,1990,1.25
Switzerland,1991,1.25
Switzerland,1992,1.25
Switzerland,1993,1.25
Switzerland,1994,1.0
Switzerland,1995,1.0
Switzerland,1996,1.0
Switzerland,1997,1.0
Switzerland,1998,1.0
Switzerland,1999,1.0
Switzerland,2000,1.0
Switzerland,2001,1.0
Switzerland,2002,1.0
Switzerland,2003,1.0
Switzerland,2004,1.0
Switzerland,2005,1.0
Switzerland,2006,1.0
Switzerland,2007,1.0
Switzerland,2008,1.0
Switzerland,2009,1.0
Switzerland,2010,1.0
Switzerland,2011,1.0
Switzerland,2012,1.0
Switzerland,2013,1.0
Switzerland,2014,1.0
Switzerland,2015,1.0
Switzerland,2016,1.0
Switzerland,2017,1.0
Syria,1990,1.0
Syria,1991,1.0
Syria,1992,1.0
Syria,1993,1.0
Syria,1994,1.0
Syria,1995,1.0
Syria,1996,1.0
Syria,1997,1.0
Syria,1998,1.0
Syria,1999,1.0
Syria,2000,1.0
Syria,2001,1.0
Syria,2002,1.0
Syria,2003,1.0
Syria,2004,1.0
Syria,2005,1.4
Syria,2006,1.4
Syria,2007,1.4
Syria,2008,1.4
Syria,2009,1.4
Syria,2010,1.0
Syria,2011,1.0
Syria,2012,1.4
Syria,2013,1.4
Syria,2014,1.4
Syria,2015,2.0
Syria,2016,2.0
Syria,2017,1.8
Taiwan,1990,2.0
Taiwan,1991,4.5
Taiwan,1992,5.0
Taiwan,1993,7.0
Taiwan,1994,7.75
Taiwan,1995,7.4
Taiwan,1996,5.8
Taiwan,1997,5.6
Taiwan,1998,4.8
Taiwan,1999,4.8
Taiwan,2000,4.6
Taiwan,2001,5.0
Taiwan,2002,4.6
Taiwan,2003,4.8
Taiwan,2004,4.6
Taiwan,2005,5.4
Taiwan,2006,4.6
Taiwan,2007,6.6
Taiwan,2008,6.0
Taiwan,2009,6.0
Taiwan,2010,5.8
Taiwan,2011,7.0
Taiwan,2012,4.6
Taiwan,2013,4.2
Taiwan,2014,3.6
Taiwan,2015,2.8
Taiwan,2016,2.6
Taiwan,2017,3.0
Tajikistan,1990,3.5
Tajikistan,1991,3.75
Tajikistan,1992,3.0
Tajikistan,1993,2.25
Tajikistan,1994,1.75
Tajikistan,1995,1.6
Tajikistan,1996,1.4
Tajikistan,1997,2.8
Tajikistan,1998,2.6
Tajikistan,1999,2.6
Tajikistan,2000,2.6
Tajikistan,2001,2.6
Tajikistan,2002,1.2
Tajikistan,2003,1.0
Tajikistan,2004,1.0
Tajikistan,2005,1.0
Tajikistan,2006,1.0
Tajikistan,2007,1.0
Tajikistan,2008,1.0
Tajikistan,2009,1.6
Tajikistan,2010,1.6
Tajikistan,2011,1.8
Tajikistan,2012,1.8
Tajikistan,2013,2.4
Tajikistan,2014,2.2
Tajikistan,2015,2.2
Tajikistan,2016,2.0
Tajikistan,2017,2.0
Tanzania,1990,1.5
Tanzania,1991,1.0
Tanzania,1992,1.0
Tanzania,1993,1.0
Tanzania,1994,1.25
Tanzania,1995,1.2
Tanzania,1996,1.2
Tanzania,1997,1.2
Tanzania,1998,1.2
Tanzania,1999,1.2
Tanzania,2000,1.2
Tanzania,2001,1.4
Tanzania,2002,1.8
Tanzania,2003,2.2
Tanzania,2004,2.0
Tanzania,2005,2.2
Tanzania,2006,2.0
Tanzania,2007,1.6
Tanzania,2008,1.2
Tanzania,2009,1.2
Tanzania,2010,1.2
Tanzania,2011,2.0
Tanzania,2012,3.4
Tanzania,2013,3.8
Tanzania,2014,3.8
Tanzania,2015,3.6
Tanzania,2016,2.8
Tanzania,2017,1.4
Thailand,1990,1.0
Thailand,1991,1.0
Thailand,1992,1.0
Thailand,1993,1.75
Thailand,1994,2.0
Thailand,1995,2.0
Thailand,1996,2.0
Thailand,1997,2.0
Thailand,1998,2.2
Thailand,1999,2.8
Thailand,2000,3.0
Thailand,2001,4.2
Thailand,2002,6.2
Thailand,2003,6.8
Thailand,2004,7.4
Thailand,2005,9.4
Thailand,2006,10.4
Thailand,2007,12.2
Thailand,2008,14.6
Thailand,2009,16.6
Thailand,2010,16.6
Thailand,2011,16.6
Thailand,2012,13.4
Thailand,2013,10.4
Thailand,2014,11.4
Thailand,2015,12.0
Thailand,2016,12.8
Thailand,2017,12.8
Timor Leste,2002,14.75
Timor Leste,2003,9.25
Timor Leste,2004,5.5
Timor Leste,2005,2.0
Timor Leste,2006,1.25
Timor Leste,2007,1.4
Timor Leste,2008,1.4
Timor Leste,2009,1.4
Timor Leste,2010,1.2
Timor Leste,2011,1.2
Timor Leste,2012,1.0
Timor Leste,2013,1.2
Timor Leste,2014,1.2
Timor Leste,2015,1.2
Timor Leste,2016,1.2
Timor Leste,2017,1.2
Togo,1990,1.0
Togo,1991,1.0
Togo,1992,3.25
Togo,1993,4.25
Togo,1994,4.75
Togo,1995,4.0
Togo,1996,4.0
Togo,1997,2.2
Togo,1998,1.4
Togo,1999,2.2
Togo,2000,2.2
Togo,2001,2.2
Togo,2002,2.4
Togo,2003,2.6
Togo,2004,1.4
Togo,2005,1.4
Togo,2006,3.6
Togo,2007,3.4
Togo,2008,3.4
Togo,2009,3.4
Togo,2010,3.4
Togo,2011,2.8
Togo,2012,3.4
Togo,2013,4.2
Togo,2014,5.0
Togo,2015,5.2
Togo,2016,4.8
Togo,2017,4.2
Tunisia,1990,3.75
Tunisia,1991,2.75
Tunisia,1992,2.5
Tunisia,1993,1.0
Tunisia,1994,1.0
Tunisia,1995,1.0
Tunisia,1996,1.0
Tunisia,1997,1.0
Tunisia,1998,1.0
Tunisia,1999,1.0
Tunisia,2000,1.0
Tunisia,2001,1.0
Tunisia,2002,1.0
Tunisia,2003,1.0
Tunisia,2004,1.0
Tunisia,2005,1.0
Tunisia,2006,1.0
Tunisia,2007,1.0
Tunisia,2008,1.0
Tunisia,2009,1.0
Tunisia,2010,1.0
Tunisia,2011,1.6
Tunisia,2012,2.6
Tunisia,2013,3.0
Tunisia,2014,3.8
Tunisia,2015,4.0
Tunisia,2016,3.4
Tunisia,2017,2.6
Turkey,1990,2.5
Turkey,1991,1.5
Turkey,1992,1.5
Turkey,1993,1.5
Turkey,1994,1.25
Turkey,1995,1.2
Turkey,1996,1.2
Turkey,1997,1.4
Turkey,1998,2.0
Turkey,1999,2.4
Turkey,2000,2.8
Turkey,2001,3.0
Turkey,2002,3.4
Turkey,2003,2.8
Turkey,2004,2.4
Turkey,2005,2.0
Turkey,2006,1.8
Turkey,2007,1.4
Turkey,2008,2.2
Turkey,2009,2.2
Turkey,2010,2.4
Turkey,2011,2.4
Turkey,2012,2.8
Turkey,2013,2.4
Turkey,2014,3.8
Turkey,2015,7.6
Turkey,2016,10.4
Turkey,2017,11.0
Turkmenistan,1990,13.0
Turkmenistan,1991,11.25
Turkmenistan,1992,6.25
Turkmenistan,1993,2.75
Turkmenistan,1994,1.0
Turkmenistan,1995,1.0
Turkmenistan,1996,1.0
Turkmenistan,1997,1.0
Turkmenistan,1998,1.0
Turkmenistan,1999,1.0
Turkmenistan,2000,1.0
Turkmenistan,2001,1.0
Turkmenistan,2002,1.0
Turkmenistan,2003,1.0
Turkmenistan,2004,1.0
Turkmenistan,2005,1.0
Turkmenistan,2006,1.0
Turkmenistan,2007,1.0
Turkmenistan,2008,1.0
Turkmenistan,2009,1.0
Turkmenistan,2010,1.0
Turkmenistan,2011,1.0
Turkmenistan,2012,1.0
Turkmenistan,2013,1.0
Turkmenistan,2014,1.0
Turkmenistan,2015,1.0
Turkmenistan,2016,1.0
Turkmenistan,2017,1.0
USSR,1990,1.0
USSR,1991,12.0
Uganda,1990,15.666666666666666
Uganda,1991,16.0
Uganda,1992,16.666666666666668
Uganda,1993,12.75
Uganda,1994,2.0
Uganda,1995,2.2
Uganda,1996,2.0
Uganda,1997,1.6
Uganda,1998,1.6
Uganda,1999,1.4
Uganda,2000,1.0
Uganda,2001,1.0
Uganda,2002,1.0
Uganda,2003,1.2
Uganda,2004,1.2
Uganda,2005,2.0
Uganda,2006,2.6
Uganda,2007,2.6
Uganda,2008,2.6
Uganda,2009,2.6
Uganda,2010,1.8
Uganda,2011,2.6
Uganda,2012,4.0
Uganda,2013,4.2
Uganda,2014,4.2
Uganda,2015,4.4
Uganda,2016,3.0
Uganda,2017,2.6
Ukraine,1991,2.5
Ukraine,1992,2.5
Ukraine,1993,2.25
Ukraine,1994,2.75
Ukraine,1995,1.5
Ukraine,1996,1.4
Ukraine,1997,2.2
Ukraine,1998,2.6
Ukraine,1999,2.4
Ukraine,2000,2.4
Ukraine,2001,2.6
Ukraine,2002,3.2
Ukraine,2003,3.4
Ukraine,2004,3.8
Ukraine,2005,4.8
Ukraine,2006,4.6
Ukraine,2007,3.2
Ukraine,2008,2.6
Ukraine,2009,2.0
Ukraine,2010,1.2
Ukraine,2011,1.2
Ukraine,2012,1.6
Ukraine,2013,1.8
Ukraine,2014,2.2
Ukraine,2015,20.0
Ukraine,2016,20.4
Ukraine,2017,20.0
United Arab Emirate,1990,24.5
United Arab Emirate,1991,24.0
United Arab Emirate,1992,1.5
United Arab Emirate,1993,1.0
United Arab Emirate,1994,1.0
United Arab Emirate,1995,1.0
United Arab Emirate,1996,1.0
United Arab Emirate,1997,1.0
United Arab Emirate,1998,1.0
United Arab Emirate,1999,1.0
United Arab Emirate,2000,1.0
United Arab Emirate,2001,1.0
United Arab Emirate,2002,1.0
United Arab Emirate,2003,1.0
United Arab Emirate,2004,1.0
United Arab Emirate,2005,1.0
United Arab Emirate,2006,1.0
United Arab Emirate,2007,1.0
United Arab Emirate,2008,1.0
United Arab Emirate,2009,1.0
United Arab Emirate,2010,1.0
United Arab Emirate,2011,1.0
United Arab Emirate,2012,1.0
United Arab Emirate,2013,1.0
United Arab Emirate,2014,1.0
United Arab Emirate,2015,1.0
United Arab Emirate,2016,1.0
United Arab Emirate,2017,1.0
United Kingdom,1990,1.0
United Kingdom,1991,9.75
United Kingdom,1992,12.25
United Kingdom,1993,17.25
United Kingdom,1994,22.75
United Kingdom,1995,20.8
United Kingdom,1996,16.0
United Kingdom,1997,17.8
United Kingdom,1998,16.4
United Kingdom,1999,15.8
United Kingdom,2000,16.2
United Kingdom,2001,17.4
United Kingdom,2002,17.0
United Kingdom,2003,20.8
United Kingdom,2004,20.8
United Kingdom,2005,21.2
United Kingdom,2006,20.4
United Kingdom,2007,19.6
United Kingdom,2008,14.6
United Kingdom,2009,12.6
United Kingdom,2010,13.4
United Kingdom,2011,13.8
United Kingdom,2012,15.0
United Kingdom,2013,16.4
United Kingdom,2014,18.4
United Kingdom,2015,16.8
United Kingdom,2016,17.6
United Kingdom,2017,20.6
Uruguay,1990,22.0
Uruguay,1991,17.25
Uruguay,1992,15.0
Uruguay,1993,11.5
Uruguay,1994,4.75
Uruguay,1995,4.8
Uruguay,1996,5.2
Uruguay,1997,4.8
Uruguay,1998,3.8
Uruguay,1999,2.4
Uruguay,2000,2.0
Uruguay,2001,1.6
Uruguay,2002,1.4
Uruguay,2003,2.6
Uruguay,2004,3.6
Uruguay,2005,3.6
Uruguay,2006,3.8
Uruguay,2007,4.0
Uruguay,2008,2.8
Uruguay,2009,2.0
Uruguay,2010,2.0
Uruguay,2011,2.6
Uruguay,2012,2.4
Uruguay,2013,2.4
Uruguay,2014,2.2
Uruguay,2015,1.8
Uruguay,2016,1.0
Uruguay,2017,1.0
Uzbekistan,1990,1.0
Uzbekistan,1991,1.25
Uzbekistan,1992,1.25
Uzbekistan,1993,1.25
Uzbekistan,1994,1.25
Uzbekistan,1995,1.2
Uzbekistan,1996,1.0
Uzbekistan,1997,1.0
Uzbekistan,1998,1.0
Uzbekistan,1999,1.0
Uzbekistan,2000,1.0
Uzbekistan,2001,1.0
Uzbekistan,2002,1.0
Uzbekistan,2003,1.2
Uzbekistan,2004,1.6
Uzbekistan,2005,2.6
Uzbekistan,2006,5.0
Uzbekistan,2007,5.0
Uzbekistan,2008,5.0
Uzbekistan,2009,5.0
Uzbekistan,2010,4.0
Uzbekistan,2011,1.6
Uzbekistan,2012,1.6
Uzbekistan,2013,1.4
Uzbekistan,2014,1.0
Uzbekistan,2015,1.0
Uzbekistan,2016,1.0
Uzbekistan,2017,1.0
Venezuela,1990,1.0
Venezuela,1991,3.0
Venezuela,1992,5.75
Venezuela,1993,12.0
Venezuela,1994,13.75
Venezuela,1995,13.2
Venezuela,1996,12.6
Venezuela,1997,12.8
Venezuela,1998,9.6
Venezuela,1999,9.2
Venezuela,2000,9.0
Venezuela,2001,9.6
Venezuela,2002,10.6
Venezuela,2003,10.6
Venezuela,2004,9.8
Venezuela,2005,11.0
Venezuela,2006,12.0
Venezuela,2007,10.4
Venezuela,2008,12.0
Venezuela,2009,12.8
Venezuela,2010,12.8
Venezuela,2011,11.4
Venezuela,2012,9.8
Venezuela,2013,6.4
Venezuela,2014,6.6
Venezuela,2015,6.6
Venezuela,2016,6.8
Venezuela,2017,8.4
Vietnam,1990,10.25
Vietnam,1991,8.75
Vietnam,1992,5.0
Vietnam,1993,3.25
Vietnam,1994,1.25
Vietnam,1995,1.2
Vietnam,1996,1.2
Vietnam,1997,1.4
Vietnam,1998,1.6
Vietnam,1999,1.4
Vietnam,2000,1.4
Vietnam,2001,1.4
Vietnam,2002,1.2
Vietnam,2003,1.0
Vietnam,2004,1.0
Vietnam,2005,1.0
Vietnam,2006,1.0
Vietnam,2007,1.2
Vietnam,2008,1.2
Vietnam,2009,1.4
Vietnam,2010,1.4
Vietnam,2011,1.4
Vietnam,2012,1.2
Vietnam,2013,1.2
Vietnam,2014,1.0
Vietnam,2015,1.0
Vietnam,2016,1.0
Vietnam,2017,1.0
Yemen,1990,1.0
Yemen,1991,1.5
Yemen,1992,1.5
Yemen,1993,1.75
Yemen,1994,1.75
Yemen,1995,2.0
Yemen,1996,1.8
Yemen,1997,1.8
Yemen,1998,1.6
Yemen,1999,1.6
Yemen,2000,1.2
Yemen,2001,1.0
Yemen,2002,1.0
Yemen,2003,1.0
Yemen,2004,1.0
Yemen,2005,1.0
Yemen,2006,1.4
Yemen,2007,1.4
Yemen,2008,1.4
Yemen,2009,2.4
Yemen,2010,5.0
Yemen,2011,5.6
Yemen,2012,17.0
Yemen,2013,17.6
Yemen,2014,17.0
Yemen,2015,20.8
Yemen,2016,21.8
Yemen,2017,10.4
Yugoslavia,1990,12.0
Yugoslavia,1991,17.5
Yugoslavia,1992,11.75
Yugoslavia,1993,12.0
Yugoslavia,1994,12.25
Yugoslavia,1995,10.0
Yugoslavia,1996,5.6
Yugoslavia,1997,5.2
Yugoslavia,1998,4.4
Yugoslavia,1999,6.8
Yugoslavia,2000,12.8
Yugoslavia,2001,16.0
Yugoslavia,2002,15.0
Zambia,1990,16.75
Zambia,1991,13.5
Zambia,1992,6.0
Zambia,1993,2.5
Zambia,1994,2.0
Zambia,1995,2.4
Zambia,1996,2.8
Zambia,1997,3.6
Zambia,1998,5.0
Zambia,1999,5.8
Zambia,2000,5.2
Zambia,2001,4.8
Zambia,2002,4.6
Zambia,2003,2.6
Zambia,2004,2.0
Zambia,2005,2.2
Zambia,2006,3.0
Zambia,2007,2.6
Zambia,2008,2.4
Zambia,2009,2.2
Zambia,2010,2.2
Zambia,2011,1.6
Zambia,2012,2.4
Zambia,2013,3.4
Zambia,2014,4.0
Zambia,2015,5.4
Zambia,2016,5.2
Zambia,2017,5.2
Zimbabwe,1990,5.0
Zimbabwe,1991,5.0
Zimbabwe,1992,3.25
Zimbabwe,1993,3.5
Zimbabwe,1994,3.0
Zimbabwe,1995,3.0
Zimbabwe,1996,3.8
Zimbabwe,1997,4.6
Zimbabwe,1998,5.2
Zimbabwe,1999,6.2
Zimbabwe,2000,6.2
Zimbabwe,2001,5.8
Zimbabwe,2002,4.8
Zimbabwe,2003,4.0
Zimbabwe,2004,3.2
Zimbabwe,2005,3.0
Zimbabwe,2006,2.2
Zimbabwe,2007,2.4
Zimbabwe,2008,2.4
Zimbabwe,2009,2.0
Zimbabwe,2010,1.8
Zimbabwe,2011,1.6
Zimbabwe,2012,1.4
Zimbabwe,2013,1.4
Zimbabwe,2014,1.0
Zimbabwe,2015,1.6
Zimbabwe,2016,2.0
Zimbabwe,2017,5.2
